IL,IL_smiles,Cation,Anion,T,D-
"[P2,2,2,5][Tf2N]",CCCCC[P+](CC)(CC)CC.C(F)(F)(F)S(=O)(=O)[N-]S(=O)(=O)C(F)(F)F,"[P2,2,2,5]",[Tf2N],298.64,1.24
"[P2,2,2,5][Tf2N]",CCCCC[P+](CC)(CC)CC.C(F)(F)(F)S(=O)(=O)[N-]S(=O)(=O)C(F)(F)F,"[P2,2,2,5]",[Tf2N],298.65,1.29
"[P2,2,2,5][Tf2N]",CCCCC[P+](CC)(CC)CC.C(F)(F)(F)S(=O)(=O)[N-]S(=O)(=O)C(F)(F)F,"[P2,2,2,5]",[Tf2N],303.49,1.6
"[P2,2,2,5][Tf2N]",CCCCC[P+](CC)(CC)CC.C(F)(F)(F)S(=O)(=O)[N-]S(=O)(=O)C(F)(F)F,"[P2,2,2,5]",[Tf2N],313.15,2.46
"[P2,2,2,5][Tf2N]",CCCCC[P+](CC)(CC)CC.C(F)(F)(F)S(=O)(=O)[N-]S(=O)(=O)C(F)(F)F,"[P2,2,2,5]",[Tf2N],313.17,2.42
"[P2,2,2,5][Tf2N]",CCCCC[P+](CC)(CC)CC.C(F)(F)(F)S(=O)(=O)[N-]S(=O)(=O)C(F)(F)F,"[P2,2,2,5]",[Tf2N],313.24,2.38
"[P2,2,2,5][Tf2N]",CCCCC[P+](CC)(CC)CC.C(F)(F)(F)S(=O)(=O)[N-]S(=O)(=O)C(F)(F)F,"[P2,2,2,5]",[Tf2N],313.25,2.56
"[P2,2,2,5][Tf2N]",CCCCC[P+](CC)(CC)CC.C(F)(F)(F)S(=O)(=O)[N-]S(=O)(=O)C(F)(F)F,"[P2,2,2,5]",[Tf2N],313.32,2.43
"[P2,2,2,5][Tf2N]",CCCCC[P+](CC)(CC)CC.C(F)(F)(F)S(=O)(=O)[N-]S(=O)(=O)C(F)(F)F,"[P2,2,2,5]",[Tf2N],323.19,3.64
"[P2,2,2,5][Tf2N]",CCCCC[P+](CC)(CC)CC.C(F)(F)(F)S(=O)(=O)[N-]S(=O)(=O)C(F)(F)F,"[P2,2,2,5]",[Tf2N],323.25,3.71
"[P2,2,2,5][Tf2N]",CCCCC[P+](CC)(CC)CC.C(F)(F)(F)S(=O)(=O)[N-]S(=O)(=O)C(F)(F)F,"[P2,2,2,5]",[Tf2N],333.01,5.32
"[P2,2,2,5][Tf2N]",CCCCC[P+](CC)(CC)CC.C(F)(F)(F)S(=O)(=O)[N-]S(=O)(=O)C(F)(F)F,"[P2,2,2,5]",[Tf2N],333.07,5.32
"[P2,2,2,5][Tf2N]",CCCCC[P+](CC)(CC)CC.C(F)(F)(F)S(=O)(=O)[N-]S(=O)(=O)C(F)(F)F,"[P2,2,2,5]",[Tf2N],342.99,7.23
"[P2,2,2,5][Tf2N]",CCCCC[P+](CC)(CC)CC.C(F)(F)(F)S(=O)(=O)[N-]S(=O)(=O)C(F)(F)F,"[P2,2,2,5]",[Tf2N],343.02,7.09
"[P2,2,2,5][Tf2N]",CCCCC[P+](CC)(CC)CC.C(F)(F)(F)S(=O)(=O)[N-]S(=O)(=O)C(F)(F)F,"[P2,2,2,5]",[Tf2N],343.04,7.03
"[P2,2,2,5][Tf2N]",CCCCC[P+](CC)(CC)CC.C(F)(F)(F)S(=O)(=O)[N-]S(=O)(=O)C(F)(F)F,"[P2,2,2,5]",[Tf2N],343.11,7.64
"[P2,2,2,5][Tf2N]",CCCCC[P+](CC)(CC)CC.C(F)(F)(F)S(=O)(=O)[N-]S(=O)(=O)C(F)(F)F,"[P2,2,2,5]",[Tf2N],343.25,7.44
"[P2,2,2,5][Tf2N]",CCCCC[P+](CC)(CC)CC.C(F)(F)(F)S(=O)(=O)[N-]S(=O)(=O)C(F)(F)F,"[P2,2,2,5]",[Tf2N],343.27,7.44
"[P2,2,2,5][Tf2N]",CCCCC[P+](CC)(CC)CC.C(F)(F)(F)S(=O)(=O)[N-]S(=O)(=O)C(F)(F)F,"[P2,2,2,5]",[Tf2N],348.38,8.75
"[P2,2,2,5][Tf2N]",CCCCC[P+](CC)(CC)CC.C(F)(F)(F)S(=O)(=O)[N-]S(=O)(=O)C(F)(F)F,"[P2,2,2,5]",[Tf2N],348.4,8.83
"[P2,2,2,5][Tf2N]",CCCCC[P+](CC)(CC)CC.C(F)(F)(F)S(=O)(=O)[N-]S(=O)(=O)C(F)(F)F,"[P2,2,2,5]",[Tf2N],353.39,9.86
"[P2,2,2,5][Tf2N]",CCCCC[P+](CC)(CC)CC.C(F)(F)(F)S(=O)(=O)[N-]S(=O)(=O)C(F)(F)F,"[P2,2,2,5]",[Tf2N],353.44,9.75
"[P2,2,2,5][Tf2N]",CCCCC[P+](CC)(CC)CC.C(F)(F)(F)S(=O)(=O)[N-]S(=O)(=O)C(F)(F)F,"[P2,2,2,5]",[Tf2N],364.7,13.1
"[P2,2,2,5][Tf2N]",CCCCC[P+](CC)(CC)CC.C(F)(F)(F)S(=O)(=O)[N-]S(=O)(=O)C(F)(F)F,"[P2,2,2,5]",[Tf2N],364.88,13.4
"[P2,2,2,5][Tf2N]",CCCCC[P+](CC)(CC)CC.C(F)(F)(F)S(=O)(=O)[N-]S(=O)(=O)C(F)(F)F,"[P2,2,2,5]",[Tf2N],298.15,1.21
"[P2,2,2,8][Tf2N]",CCCCCCCC[P+](CC)(CC)CC.C(F)(F)(F)S(=O)(=O)[N-]S(=O)(=O)C(F)(F)F,"[P2,2,2,8]",[Tf2N],298.15,0.88
"[P4,4,4,6][Tf2N]",CCCCCC[P+](CCCC)(CCCC)CCCC.C(F)(F)(F)S(=O)(=O)[N-]S(=O)(=O)C(F)(F)F,"[P4,4,4,6]",[Tf2N],298.15,0.464
"[P4,4,4,10][Tf2N]",CCCCCCCCCC[P+](CCCC)(CCCC)CCCC.C(F)(F)(F)S(=O)(=O)[N-]S(=O)(=O)C(F)(F)F,"[P4,4,4,10]",[Tf2N],298.15,0.347
"[P4,4,4,2][Tf2N]",CCCC[P+](CC)(CCCC)CCCC.C(F)(F)(F)S(=O)(=O)[N-]S(=O)(=O)C(F)(F)F,"[P4,4,4,2]",[Tf2N],298.15,0.693
"[P4,4,4,2][Tf2N]",CCCC[P+](CC)(CCCC)CCCC.C(F)(F)(F)S(=O)(=O)[N-]S(=O)(=O)C(F)(F)F,"[P4,4,4,2]",[Tf2N],308.15,1.25
"[P4,4,4,2][Tf2N]",CCCC[P+](CC)(CCCC)CCCC.C(F)(F)(F)S(=O)(=O)[N-]S(=O)(=O)C(F)(F)F,"[P4,4,4,2]",[Tf2N],318.15,2.02
"[P4,4,4,2][Tf2N]",CCCC[P+](CC)(CCCC)CCCC.C(F)(F)(F)S(=O)(=O)[N-]S(=O)(=O)C(F)(F)F,"[P4,4,4,2]",[Tf2N],328.15,3.59
"[P4,4,4,2][Tf2N]",CCCC[P+](CC)(CCCC)CCCC.C(F)(F)(F)S(=O)(=O)[N-]S(=O)(=O)C(F)(F)F,"[P4,4,4,2]",[Tf2N],338.15,7.15
"[P4,4,4,2][Tf2N]",CCCC[P+](CC)(CCCC)CCCC.C(F)(F)(F)S(=O)(=O)[N-]S(=O)(=O)C(F)(F)F,"[P4,4,4,2]",[Tf2N],348.15,11.1
"[P4,4,4,8][Tf2N]",CCCCCCCC[P+](CCCC)(CCCC)CCCC.C(F)(F)(F)S(=O)(=O)[N-]S(=O)(=O)C(F)(F)F,"[P4,4,4,8]",[Tf2N],298.15,0.406
"[P4,4,4,8][Tf2N]",CCCCCCCC[P+](CCCC)(CCCC)CCCC.C(F)(F)(F)S(=O)(=O)[N-]S(=O)(=O)C(F)(F)F,"[P4,4,4,8]",[Tf2N],308.15,0.756
"[P4,4,4,8][Tf2N]",CCCCCCCC[P+](CCCC)(CCCC)CCCC.C(F)(F)(F)S(=O)(=O)[N-]S(=O)(=O)C(F)(F)F,"[P4,4,4,8]",[Tf2N],318.15,1.34
"[P4,4,4,8][Tf2N]",CCCCCCCC[P+](CCCC)(CCCC)CCCC.C(F)(F)(F)S(=O)(=O)[N-]S(=O)(=O)C(F)(F)F,"[P4,4,4,8]",[Tf2N],328.15,2.26
"[P4,4,4,8][Tf2N]",CCCCCCCC[P+](CCCC)(CCCC)CCCC.C(F)(F)(F)S(=O)(=O)[N-]S(=O)(=O)C(F)(F)F,"[P4,4,4,8]",[Tf2N],338.15,3.91
"[P4,4,4,8][Tf2N]",CCCCCCCC[P+](CCCC)(CCCC)CCCC.C(F)(F)(F)S(=O)(=O)[N-]S(=O)(=O)C(F)(F)F,"[P4,4,4,8]",[Tf2N],348.15,6.68
"[P2,2,2,2O2][Tf2N]",CCOCC[P+](CC)(CC)CC.C(F)(F)(F)S(=O)(=O)[N-]S(=O)(=O)C(F)(F)F,"[P2,2,2,2O2]",[Tf2N],298.15,2.35
"[P4,4,4,2O2][TFA]",CCOCC[P+](CCCC)(CCCC)CCCC.[O-]C(=O)C(F)(F)F,"[P4,4,4,2O2]",[TFA],298.15,0.532
"[P4,4,4,2O2][OMs]",CCOCC[P+](CCCC)(CCCC)CCCC.CS([O-])(=O)=O,"[P4,4,4,2O2]",[OMs],298.15,0.109
"[P4,4,4,2O2][OTf]",CCOCC[P+](CCCC)(CCCC)CCCC.FC(F)(F)S([O-])(=O)=O,"[P4,4,4,2O2]",[OTf],298.15,0.275
"[P4,4,4,2O2][Tf2N]",CCOCC[P+](CCCC)(CCCC)CCCC.C(F)(F)(F)S(=O)(=O)[N-]S(=O)(=O)C(F)(F)F,"[P4,4,4,2O2]",[Tf2N],298.15,0.807
"[P4,4,4,2O2][Tf2N]",CCOCC[P+](CCCC)(CCCC)CCCC.C(F)(F)(F)S(=O)(=O)[N-]S(=O)(=O)C(F)(F)F,"[P4,4,4,2O2]",[Tf2N],308.15,1.46
"[P4,4,4,2O2][Tf2N]",CCOCC[P+](CCCC)(CCCC)CCCC.C(F)(F)(F)S(=O)(=O)[N-]S(=O)(=O)C(F)(F)F,"[P4,4,4,2O2]",[Tf2N],318.15,2.44
"[P4,4,4,2O2][Tf2N]",CCOCC[P+](CCCC)(CCCC)CCCC.C(F)(F)(F)S(=O)(=O)[N-]S(=O)(=O)C(F)(F)F,"[P4,4,4,2O2]",[Tf2N],328.15,3.96
"[P4,4,4,2O2][Tf2N]",CCOCC[P+](CCCC)(CCCC)CCCC.C(F)(F)(F)S(=O)(=O)[N-]S(=O)(=O)C(F)(F)F,"[P4,4,4,2O2]",[Tf2N],338.15,7.18
"[P4,4,4,2O2][Tf2N]",CCOCC[P+](CCCC)(CCCC)CCCC.C(F)(F)(F)S(=O)(=O)[N-]S(=O)(=O)C(F)(F)F,"[P4,4,4,2O2]",[Tf2N],348.15,11.7
"[P2,2,2,4][3CF3Pyra]",CCCC[P+](CC)(CC)CC.FC(F)(F)C1=N[N-]C=C1,"[P2,2,2,4]",[3CF3Pyra],283.15,0.61
"[P2,2,2,4][3CF3Pyra]",CCCC[P+](CC)(CC)CC.FC(F)(F)C1=N[N-]C=C1,"[P2,2,2,4]",[3CF3Pyra],293.15,1.24
"[P2,2,2,4][3CF3Pyra]",CCCC[P+](CC)(CC)CC.FC(F)(F)C1=N[N-]C=C1,"[P2,2,2,4]",[3CF3Pyra],298.15,1.72
"[P2,2,2,4][3CF3Pyra]",CCCC[P+](CC)(CC)CC.FC(F)(F)C1=N[N-]C=C1,"[P2,2,2,4]",[3CF3Pyra],303.15,2.17
"[P2,2,2,4][3CF3Pyra]",CCCC[P+](CC)(CC)CC.FC(F)(F)C1=N[N-]C=C1,"[P2,2,2,4]",[3CF3Pyra],313.15,3.45
"[P2,2,2,4][3CF3Pyra]",CCCC[P+](CC)(CC)CC.FC(F)(F)C1=N[N-]C=C1,"[P2,2,2,4]",[3CF3Pyra],323.15,5.23
"[P2,2,2,4][3CF3Pyra]",CCCC[P+](CC)(CC)CC.FC(F)(F)C1=N[N-]C=C1,"[P2,2,2,4]",[3CF3Pyra],333.15,7.4
"[P2,2,2,4][3CF3Pyra]",CCCC[P+](CC)(CC)CC.FC(F)(F)C1=N[N-]C=C1,"[P2,2,2,4]",[3CF3Pyra],343.15,11.05
"[P2,2,2,8][3CF3Pyra]",CCCCCCCC[P+](CC)(CC)CC.FC(F)(F)C1=N[N-]C=C1,"[P2,2,2,8]",[3CF3Pyra],283.15,0.36
"[P2,2,2,8][3CF3Pyra]",CCCCCCCC[P+](CC)(CC)CC.FC(F)(F)C1=N[N-]C=C1,"[P2,2,2,8]",[3CF3Pyra],293.15,0.7
"[P2,2,2,8][3CF3Pyra]",CCCCCCCC[P+](CC)(CC)CC.FC(F)(F)C1=N[N-]C=C1,"[P2,2,2,8]",[3CF3Pyra],298.15,0.95
"[P2,2,2,8][3CF3Pyra]",CCCCCCCC[P+](CC)(CC)CC.FC(F)(F)C1=N[N-]C=C1,"[P2,2,2,8]",[3CF3Pyra],303.15,1.25
"[P2,2,2,8][3CF3Pyra]",CCCCCCCC[P+](CC)(CC)CC.FC(F)(F)C1=N[N-]C=C1,"[P2,2,2,8]",[3CF3Pyra],313.15,2.12
"[P2,2,2,8][3CF3Pyra]",CCCCCCCC[P+](CC)(CC)CC.FC(F)(F)C1=N[N-]C=C1,"[P2,2,2,8]",[3CF3Pyra],323.15,3.31
"[P2,2,2,8][3CF3Pyra]",CCCCCCCC[P+](CC)(CC)CC.FC(F)(F)C1=N[N-]C=C1,"[P2,2,2,8]",[3CF3Pyra],333.15,4.99
"[P2,2,2,8][3CF3Pyra]",CCCCCCCC[P+](CC)(CC)CC.FC(F)(F)C1=N[N-]C=C1,"[P2,2,2,8]",[3CF3Pyra],343.15,8.68
"[P2,2,2,4][3CH35CF3Pyra]",CCCC[P+](CC)(CC)CC.CC1=N[N-]C(=C1)C(F)(F)F,"[P2,2,2,4]",[3CH35CF3Pyra],283.15,0.31
"[P2,2,2,4][3CH35CF3Pyra]",CCCC[P+](CC)(CC)CC.CC1=N[N-]C(=C1)C(F)(F)F,"[P2,2,2,4]",[3CH35CF3Pyra],293.15,0.62
"[P2,2,2,4][3CH35CF3Pyra]",CCCC[P+](CC)(CC)CC.CC1=N[N-]C(=C1)C(F)(F)F,"[P2,2,2,4]",[3CH35CF3Pyra],298.15,0.85
"[P2,2,2,4][3CH35CF3Pyra]",CCCC[P+](CC)(CC)CC.CC1=N[N-]C(=C1)C(F)(F)F,"[P2,2,2,4]",[3CH35CF3Pyra],303.15,1.13
"[P2,2,2,4][3CH35CF3Pyra]",CCCC[P+](CC)(CC)CC.CC1=N[N-]C(=C1)C(F)(F)F,"[P2,2,2,4]",[3CH35CF3Pyra],313.15,1.89
"[P2,2,2,4][3CH35CF3Pyra]",CCCC[P+](CC)(CC)CC.CC1=N[N-]C(=C1)C(F)(F)F,"[P2,2,2,4]",[3CH35CF3Pyra],323.15,2.97
"[P2,2,2,4][3CH35CF3Pyra]",CCCC[P+](CC)(CC)CC.CC1=N[N-]C(=C1)C(F)(F)F,"[P2,2,2,4]",[3CH35CF3Pyra],333.15,4.39
"[P2,2,2,4][3CH35CF3Pyra]",CCCC[P+](CC)(CC)CC.CC1=N[N-]C(=C1)C(F)(F)F,"[P2,2,2,4]",[3CH35CF3Pyra],343.15,7.45
"[P2,2,2,8][3CH35CF3Pyra]",CCCCCCCC[P+](CC)(CC)CC.CC1=N[N-]C(=C1)C(F)(F)F,"[P2,2,2,8]",[3CH35CF3Pyra],283.15,0.19
"[P2,2,2,8][3CH35CF3Pyra]",CCCCCCCC[P+](CC)(CC)CC.CC1=N[N-]C(=C1)C(F)(F)F,"[P2,2,2,8]",[3CH35CF3Pyra],293.15,0.41
"[P2,2,2,8][3CH35CF3Pyra]",CCCCCCCC[P+](CC)(CC)CC.CC1=N[N-]C(=C1)C(F)(F)F,"[P2,2,2,8]",[3CH35CF3Pyra],298.15,0.56
"[P2,2,2,8][3CH35CF3Pyra]",CCCCCCCC[P+](CC)(CC)CC.CC1=N[N-]C(=C1)C(F)(F)F,"[P2,2,2,8]",[3CH35CF3Pyra],303.15,0.76
"[P2,2,2,8][3CH35CF3Pyra]",CCCCCCCC[P+](CC)(CC)CC.CC1=N[N-]C(=C1)C(F)(F)F,"[P2,2,2,8]",[3CH35CF3Pyra],313.15,1.29
"[P2,2,2,8][3CH35CF3Pyra]",CCCCCCCC[P+](CC)(CC)CC.CC1=N[N-]C(=C1)C(F)(F)F,"[P2,2,2,8]",[3CH35CF3Pyra],323.15,2.12
"[P2,2,2,8][3CH35CF3Pyra]",CCCCCCCC[P+](CC)(CC)CC.CC1=N[N-]C(=C1)C(F)(F)F,"[P2,2,2,8]",[3CH35CF3Pyra],333.15,3.32
"[P2,2,2,8][3CH35CF3Pyra]",CCCCCCCC[P+](CC)(CC)CC.CC1=N[N-]C(=C1)C(F)(F)F,"[P2,2,2,8]",[3CH35CF3Pyra],343.15,6.06
"[P2,2,2,4][Inda]",CCCC[P+](CC)(CC)CC.[N-]1N=CC2=CC=C=CC=C12,"[P2,2,2,4]",[Inda],293.15,0.16
"[P2,2,2,4][Inda]",CCCC[P+](CC)(CC)CC.[N-]1N=CC2=CC=C=CC=C12,"[P2,2,2,4]",[Inda],298.15,0.24
"[P2,2,2,4][Inda]",CCCC[P+](CC)(CC)CC.[N-]1N=CC2=CC=C=CC=C12,"[P2,2,2,4]",[Inda],303.15,0.36
"[P2,2,2,4][Inda]",CCCC[P+](CC)(CC)CC.[N-]1N=CC2=CC=C=CC=C12,"[P2,2,2,4]",[Inda],313.15,0.69
"[P2,2,2,4][Inda]",CCCC[P+](CC)(CC)CC.[N-]1N=CC2=CC=C=CC=C12,"[P2,2,2,4]",[Inda],323.15,1.2
"[P2,2,2,4][Inda]",CCCC[P+](CC)(CC)CC.[N-]1N=CC2=CC=C=CC=C12,"[P2,2,2,4]",[Inda],333.15,1.91
"[P2,2,2,4][Inda]",CCCC[P+](CC)(CC)CC.[N-]1N=CC2=CC=C=CC=C12,"[P2,2,2,4]",[Inda],343.15,3.65
"[P2,2,2,8][Inda]",CCCCCCCC[P+](CC)(CC)CC.[N-]1N=CC2=CC=C=CC=C12,"[P2,2,2,8]",[Inda],298.15,0.14
"[P2,2,2,8][Inda]",CCCCCCCC[P+](CC)(CC)CC.[N-]1N=CC2=CC=C=CC=C12,"[P2,2,2,8]",[Inda],303.15,0.2
"[P2,2,2,8][Inda]",CCCCCCCC[P+](CC)(CC)CC.[N-]1N=CC2=CC=C=CC=C12,"[P2,2,2,8]",[Inda],313.15,0.42
"[P2,2,2,8][Inda]",CCCCCCCC[P+](CC)(CC)CC.[N-]1N=CC2=CC=C=CC=C12,"[P2,2,2,8]",[Inda],323.15,0.77
"[P2,2,2,8][Inda]",CCCCCCCC[P+](CC)(CC)CC.[N-]1N=CC2=CC=C=CC=C12,"[P2,2,2,8]",[Inda],333.15,1.28
"[P2,2,2,8][Inda]",CCCCCCCC[P+](CC)(CC)CC.[N-]1N=CC2=CC=C=CC=C12,"[P2,2,2,8]",[Inda],343.15,2.54
[EMIM][OTf],CCN1C=C[N+](=C1)C.FC(F)(F)S([O-])(=O)=O,[EMIM],[OTf],273.16,0.822
[EMIM][OTf],CCN1C=C[N+](=C1)C.FC(F)(F)S([O-])(=O)=O,[EMIM],[OTf],273.14,0.832
[EMIM][OTf],CCN1C=C[N+](=C1)C.FC(F)(F)S([O-])(=O)=O,[EMIM],[OTf],278.31,1.089
[EMIM][OTf],CCN1C=C[N+](=C1)C.FC(F)(F)S([O-])(=O)=O,[EMIM],[OTf],278.33,1.035
[EMIM][OTf],CCN1C=C[N+](=C1)C.FC(F)(F)S([O-])(=O)=O,[EMIM],[OTf],283.34,1.372
[EMIM][OTf],CCN1C=C[N+](=C1)C.FC(F)(F)S([O-])(=O)=O,[EMIM],[OTf],283.41,1.379
[EMIM][OTf],CCN1C=C[N+](=C1)C.FC(F)(F)S([O-])(=O)=O,[EMIM],[OTf],293.02,2.034
[EMIM][OTf],CCN1C=C[N+](=C1)C.FC(F)(F)S([O-])(=O)=O,[EMIM],[OTf],293.07,1.992
[EMIM][OTf],CCN1C=C[N+](=C1)C.FC(F)(F)S([O-])(=O)=O,[EMIM],[OTf],293.25,2.105
[EMIM][OTf],CCN1C=C[N+](=C1)C.FC(F)(F)S([O-])(=O)=O,[EMIM],[OTf],293.36,2.112
[EMIM][OTf],CCN1C=C[N+](=C1)C.FC(F)(F)S([O-])(=O)=O,[EMIM],[OTf],298.31,2.6
[EMIM][OTf],CCN1C=C[N+](=C1)C.FC(F)(F)S([O-])(=O)=O,[EMIM],[OTf],298.35,2.588
[EMIM][OTf],CCN1C=C[N+](=C1)C.FC(F)(F)S([O-])(=O)=O,[EMIM],[OTf],298.4,2.469
[EMIM][OTf],CCN1C=C[N+](=C1)C.FC(F)(F)S([O-])(=O)=O,[EMIM],[OTf],303.17,2.913
[EMIM][OTf],CCN1C=C[N+](=C1)C.FC(F)(F)S([O-])(=O)=O,[EMIM],[OTf],313.06,3.995
[EMIM][OTf],CCN1C=C[N+](=C1)C.FC(F)(F)S([O-])(=O)=O,[EMIM],[OTf],322.94,5.68
[EMIM][OTf],CCN1C=C[N+](=C1)C.FC(F)(F)S([O-])(=O)=O,[EMIM],[OTf],322.95,5.399
[EMIM][OTf],CCN1C=C[N+](=C1)C.FC(F)(F)S([O-])(=O)=O,[EMIM],[OTf],333.3,7.181
[EMIM][OTf],CCN1C=C[N+](=C1)C.FC(F)(F)S([O-])(=O)=O,[EMIM],[OTf],333.31,7.096
[EMIM][OTf],CCN1C=C[N+](=C1)C.FC(F)(F)S([O-])(=O)=O,[EMIM],[OTf],343.24,9.107
[EMIM][OTf],CCN1C=C[N+](=C1)C.FC(F)(F)S([O-])(=O)=O,[EMIM],[OTf],343.25,9.236
[EMIM][OTf],CCN1C=C[N+](=C1)C.FC(F)(F)S([O-])(=O)=O,[EMIM],[OTf],353.15,11.74
[EMIM][OTf],CCN1C=C[N+](=C1)C.FC(F)(F)S([O-])(=O)=O,[EMIM],[OTf],353.17,12.0
[EMIM][OTf],CCN1C=C[N+](=C1)C.FC(F)(F)S([O-])(=O)=O,[EMIM],[OTf],363.02,14.54
[EMIM][OTf],CCN1C=C[N+](=C1)C.FC(F)(F)S([O-])(=O)=O,[EMIM],[OTf],363.11,14.98
[EMIM][TCB],CCN1C=C[N+](=C1)C.N#C[B-](C#N)(C#N)C#N,[EMIM],[TCB],353.15,29.7
[EMIM][TCB],CCN1C=C[N+](=C1)C.N#C[B-](C#N)(C#N)C#N,[EMIM],[TCB],343.15,24.0
[EMIM][TCB],CCN1C=C[N+](=C1)C.N#C[B-](C#N)(C#N)C#N,[EMIM],[TCB],333.15,18.4
[EMIM][TCB],CCN1C=C[N+](=C1)C.N#C[B-](C#N)(C#N)C#N,[EMIM],[TCB],323.15,14.2
[EMIM][TCB],CCN1C=C[N+](=C1)C.N#C[B-](C#N)(C#N)C#N,[EMIM],[TCB],313.15,10.6
[EMIM][TCB],CCN1C=C[N+](=C1)C.N#C[B-](C#N)(C#N)C#N,[EMIM],[TCB],303.15,7.53
[EMIM][TCB],CCN1C=C[N+](=C1)C.N#C[B-](C#N)(C#N)C#N,[EMIM],[TCB],298.15,6.3
[EMIM][TCB],CCN1C=C[N+](=C1)C.N#C[B-](C#N)(C#N)C#N,[EMIM],[TCB],293.15,5.24
[EMIM][TCB],CCN1C=C[N+](=C1)C.N#C[B-](C#N)(C#N)C#N,[EMIM],[TCB],288.15,4.26
[EMIM][TCB],CCN1C=C[N+](=C1)C.N#C[B-](C#N)(C#N)C#N,[EMIM],[TCB],283.15,3.41
[EMIM][TCB],CCN1C=C[N+](=C1)C.N#C[B-](C#N)(C#N)C#N,[EMIM],[TCB],278.15,2.73
[EMIM][TCB],CCN1C=C[N+](=C1)C.N#C[B-](C#N)(C#N)C#N,[EMIM],[TCB],273.15,2.13
[EMIM][TCB],CCN1C=C[N+](=C1)C.N#C[B-](C#N)(C#N)C#N,[EMIM],[TCB],268.15,1.6
[EMIM][TCB],CCN1C=C[N+](=C1)C.N#C[B-](C#N)(C#N)C#N,[EMIM],[TCB],263.15,1.15
[EMIM][TCB],CCN1C=C[N+](=C1)C.N#C[B-](C#N)(C#N)C#N,[EMIM],[TCB],258.15,0.82
[EMIM][TCB],CCN1C=C[N+](=C1)C.N#C[B-](C#N)(C#N)C#N,[EMIM],[TCB],253.15,0.551
"[N1,1,1,2OH][Tf2N]",C[N+](C)(C)CCO.C(F)(F)(F)S(=O)(=O)[N-]S(=O)(=O)C(F)(F)F,"[N1,1,1,2OH]",[Tf2N],303.64,1.15
"[N1,1,1,2OH][Tf2N]",C[N+](C)(C)CCO.C(F)(F)(F)S(=O)(=O)[N-]S(=O)(=O)C(F)(F)F,"[N1,1,1,2OH]",[Tf2N],303.66,1.15
"[N1,1,1,2OH][Tf2N]",C[N+](C)(C)CCO.C(F)(F)(F)S(=O)(=O)[N-]S(=O)(=O)C(F)(F)F,"[N1,1,1,2OH]",[Tf2N],313.74,1.79
"[N1,1,1,2OH][Tf2N]",C[N+](C)(C)CCO.C(F)(F)(F)S(=O)(=O)[N-]S(=O)(=O)C(F)(F)F,"[N1,1,1,2OH]",[Tf2N],323.38,2.56
"[N1,1,1,2OH][Tf2N]",C[N+](C)(C)CCO.C(F)(F)(F)S(=O)(=O)[N-]S(=O)(=O)C(F)(F)F,"[N1,1,1,2OH]",[Tf2N],323.47,2.55
"[N1,1,1,2OH][Tf2N]",C[N+](C)(C)CCO.C(F)(F)(F)S(=O)(=O)[N-]S(=O)(=O)C(F)(F)F,"[N1,1,1,2OH]",[Tf2N],333.03,3.57
"[N1,1,1,2OH][Tf2N]",C[N+](C)(C)CCO.C(F)(F)(F)S(=O)(=O)[N-]S(=O)(=O)C(F)(F)F,"[N1,1,1,2OH]",[Tf2N],333.12,3.58
"[N1,1,1,2OH][Tf2N]",C[N+](C)(C)CCO.C(F)(F)(F)S(=O)(=O)[N-]S(=O)(=O)C(F)(F)F,"[N1,1,1,2OH]",[Tf2N],343.09,4.96
"[N1,1,1,2OH][Tf2N]",C[N+](C)(C)CCO.C(F)(F)(F)S(=O)(=O)[N-]S(=O)(=O)C(F)(F)F,"[N1,1,1,2OH]",[Tf2N],343.11,5.02
"[N1,1,1,2OH][Tf2N]",C[N+](C)(C)CCO.C(F)(F)(F)S(=O)(=O)[N-]S(=O)(=O)C(F)(F)F,"[N1,1,1,2OH]",[Tf2N],352.81,6.59
"[N1,1,1,2OH][Tf2N]",C[N+](C)(C)CCO.C(F)(F)(F)S(=O)(=O)[N-]S(=O)(=O)C(F)(F)F,"[N1,1,1,2OH]",[Tf2N],352.97,6.58
"[N1,1,1,2OH][Tf2N]",C[N+](C)(C)CCO.C(F)(F)(F)S(=O)(=O)[N-]S(=O)(=O)C(F)(F)F,"[N1,1,1,2OH]",[Tf2N],353.39,6.67
"[N1,1,1,2OH][Tf2N]",C[N+](C)(C)CCO.C(F)(F)(F)S(=O)(=O)[N-]S(=O)(=O)C(F)(F)F,"[N1,1,1,2OH]",[Tf2N],353.41,6.77
"[N1,1,1,2OH][Tf2N]",C[N+](C)(C)CCO.C(F)(F)(F)S(=O)(=O)[N-]S(=O)(=O)C(F)(F)F,"[N1,1,1,2OH]",[Tf2N],363.36,8.83
"[N1,1,1,2OH][Tf2N]",C[N+](C)(C)CCO.C(F)(F)(F)S(=O)(=O)[N-]S(=O)(=O)C(F)(F)F,"[N1,1,1,2OH]",[Tf2N],363.4,8.92
[BMIM][PF6],CCCCN1C=C[N+](=C1)C.F[P-](F)(F)(F)(F)F,[BMIM],[PF6],347.73,4.9
[BMIM][PF6],CCCCN1C=C[N+](=C1)C.F[P-](F)(F)(F)(F)F,[BMIM],[PF6],317.78,1.42
[BMIM][PF6],CCCCN1C=C[N+](=C1)C.F[P-](F)(F)(F)(F)F,[BMIM],[PF6],317.81,1.53
[BMIM][PF6],CCCCN1C=C[N+](=C1)C.F[P-](F)(F)(F)(F)F,[BMIM],[PF6],323.05,1.81
[BMIM][PF6],CCCCN1C=C[N+](=C1)C.F[P-](F)(F)(F)(F)F,[BMIM],[PF6],347.6,5.0
[BMIM][PF6],CCCCN1C=C[N+](=C1)C.F[P-](F)(F)(F)(F)F,[BMIM],[PF6],347.65,5.05
[BMIM][PF6],CCCCN1C=C[N+](=C1)C.F[P-](F)(F)(F)(F)F,[BMIM],[PF6],347.66,5.04
[BMIM][PF6],CCCCN1C=C[N+](=C1)C.F[P-](F)(F)(F)(F)F,[BMIM],[PF6],347.67,5.03
[BMIM][PF6],CCCCN1C=C[N+](=C1)C.F[P-](F)(F)(F)(F)F,[BMIM],[PF6],347.78,4.99
[BMIM][PF6],CCCCN1C=C[N+](=C1)C.F[P-](F)(F)(F)(F)F,[BMIM],[PF6],362.99,7.79
[BMIM][PF6],CCCCN1C=C[N+](=C1)C.F[P-](F)(F)(F)(F)F,[BMIM],[PF6],363.01,7.95
[BMIM][PF6],CCCCN1C=C[N+](=C1)C.F[P-](F)(F)(F)(F)F,[BMIM],[PF6],363.03,7.83
[BMIM][BF4],CCCCN1C=C[N+](=C1)C.F[B-](F)(F)F,[BMIM],[BF4],323.13,3.95
[BMIM][BF4],CCCCN1C=C[N+](=C1)C.F[B-](F)(F)F,[BMIM],[BF4],323.14,4.17
[BMIM][BF4],CCCCN1C=C[N+](=C1)C.F[B-](F)(F)F,[BMIM],[BF4],323.18,4.0
[BMIM][BF4],CCCCN1C=C[N+](=C1)C.F[B-](F)(F)F,[BMIM],[BF4],347.8,8.57
[BMIM][BF4],CCCCN1C=C[N+](=C1)C.F[B-](F)(F)F,[BMIM],[BF4],347.82,9.5
[BMIM][BF4],CCCCN1C=C[N+](=C1)C.F[B-](F)(F)F,[BMIM],[BF4],363.11,13.9
[BMIM][BF4],CCCCN1C=C[N+](=C1)C.F[B-](F)(F)F,[BMIM],[BF4],363.21,13.6
[BMIM][BF4],CCCCN1C=C[N+](=C1)C.F[B-](F)(F)F,[BMIM],[BF4],363.29,14.2
[HMIM][PF6],CCCCCCN1C=C[N+](=C1)C.F[P-](F)(F)(F)(F)F,[HMIM],[PF6],332.92,1.94
[HMIM][PF6],CCCCCCN1C=C[N+](=C1)C.F[P-](F)(F)(F)(F)F,[HMIM],[PF6],322.74,1.22
[HMIM][PF6],CCCCCCN1C=C[N+](=C1)C.F[P-](F)(F)(F)(F)F,[HMIM],[PF6],322.77,1.23
[HMIM][PF6],CCCCCCN1C=C[N+](=C1)C.F[P-](F)(F)(F)(F)F,[HMIM],[PF6],322.78,1.23
[HMIM][PF6],CCCCCCN1C=C[N+](=C1)C.F[P-](F)(F)(F)(F)F,[HMIM],[PF6],323.34,1.24
[HMIM][PF6],CCCCCCN1C=C[N+](=C1)C.F[P-](F)(F)(F)(F)F,[HMIM],[PF6],323.39,1.3
[HMIM][PF6],CCCCCCN1C=C[N+](=C1)C.F[P-](F)(F)(F)(F)F,[HMIM],[PF6],327.66,1.54
[HMIM][PF6],CCCCCCN1C=C[N+](=C1)C.F[P-](F)(F)(F)(F)F,[HMIM],[PF6],327.68,1.54
[HMIM][PF6],CCCCCCN1C=C[N+](=C1)C.F[P-](F)(F)(F)(F)F,[HMIM],[PF6],327.69,1.54
[HMIM][PF6],CCCCCCN1C=C[N+](=C1)C.F[P-](F)(F)(F)(F)F,[HMIM],[PF6],327.77,1.55
[HMIM][PF6],CCCCCCN1C=C[N+](=C1)C.F[P-](F)(F)(F)(F)F,[HMIM],[PF6],333.01,1.94
[HMIM][PF6],CCCCCCN1C=C[N+](=C1)C.F[P-](F)(F)(F)(F)F,[HMIM],[PF6],333.02,1.94
[HMIM][PF6],CCCCCCN1C=C[N+](=C1)C.F[P-](F)(F)(F)(F)F,[HMIM],[PF6],333.34,2.0
[HMIM][PF6],CCCCCCN1C=C[N+](=C1)C.F[P-](F)(F)(F)(F)F,[HMIM],[PF6],338.01,2.38
[HMIM][PF6],CCCCCCN1C=C[N+](=C1)C.F[P-](F)(F)(F)(F)F,[HMIM],[PF6],338.02,2.38
[HMIM][PF6],CCCCCCN1C=C[N+](=C1)C.F[P-](F)(F)(F)(F)F,[HMIM],[PF6],338.03,2.38
[HMIM][PF6],CCCCCCN1C=C[N+](=C1)C.F[P-](F)(F)(F)(F)F,[HMIM],[PF6],338.07,2.48
[HMIM][PF6],CCCCCCN1C=C[N+](=C1)C.F[P-](F)(F)(F)(F)F,[HMIM],[PF6],348.08,3.25
[HMIM][PF6],CCCCCCN1C=C[N+](=C1)C.F[P-](F)(F)(F)(F)F,[HMIM],[PF6],348.1,3.61
[HMIM][PF6],CCCCCCN1C=C[N+](=C1)C.F[P-](F)(F)(F)(F)F,[HMIM],[PF6],348.16,3.36
[HMIM][PF6],CCCCCCN1C=C[N+](=C1)C.F[P-](F)(F)(F)(F)F,[HMIM],[PF6],348.17,3.26
[HMIM][PF6],CCCCCCN1C=C[N+](=C1)C.F[P-](F)(F)(F)(F)F,[HMIM],[PF6],363.1,5.39
[HMIM][PF6],CCCCCCN1C=C[N+](=C1)C.F[P-](F)(F)(F)(F)F,[HMIM],[PF6],363.13,5.6
[HMIM][PF6],CCCCCCN1C=C[N+](=C1)C.F[P-](F)(F)(F)(F)F,[HMIM],[PF6],363.19,5.67
[HMIM][BF4],CCCCCCN1C=C[N+](=C1)C.F[B-](F)(F)F,[HMIM],[BF4],313.2,1.55
[HMIM][BF4],CCCCCCN1C=C[N+](=C1)C.F[B-](F)(F)F,[HMIM],[BF4],313.21,1.57
[HMIM][BF4],CCCCCCN1C=C[N+](=C1)C.F[B-](F)(F)F,[HMIM],[BF4],323.04,2.35
[HMIM][BF4],CCCCCCN1C=C[N+](=C1)C.F[B-](F)(F)F,[HMIM],[BF4],323.08,2.41
[HMIM][BF4],CCCCCCN1C=C[N+](=C1)C.F[B-](F)(F)F,[HMIM],[BF4],323.13,2.4
[HMIM][BF4],CCCCCCN1C=C[N+](=C1)C.F[B-](F)(F)F,[HMIM],[BF4],333.07,3.53
[HMIM][BF4],CCCCCCN1C=C[N+](=C1)C.F[B-](F)(F)F,[HMIM],[BF4],333.09,3.48
[HMIM][BF4],CCCCCCN1C=C[N+](=C1)C.F[B-](F)(F)F,[HMIM],[BF4],343.36,5.14
[HMIM][BF4],CCCCCCN1C=C[N+](=C1)C.F[B-](F)(F)F,[HMIM],[BF4],343.41,4.916
[HMIM][BF4],CCCCCCN1C=C[N+](=C1)C.F[B-](F)(F)F,[HMIM],[BF4],347.35,5.9
[HMIM][BF4],CCCCCCN1C=C[N+](=C1)C.F[B-](F)(F)F,[HMIM],[BF4],347.51,6.12
[HMIM][BF4],CCCCCCN1C=C[N+](=C1)C.F[B-](F)(F)F,[HMIM],[BF4],347.78,6.09
[HMIM][BF4],CCCCCCN1C=C[N+](=C1)C.F[B-](F)(F)F,[HMIM],[BF4],353.1,6.97
[HMIM][BF4],CCCCCCN1C=C[N+](=C1)C.F[B-](F)(F)F,[HMIM],[BF4],362.36,8.79
[HMIM][BF4],CCCCCCN1C=C[N+](=C1)C.F[B-](F)(F)F,[HMIM],[BF4],362.5,9.22
[HMIM][BF4],CCCCCCN1C=C[N+](=C1)C.F[B-](F)(F)F,[HMIM],[BF4],362.54,8.94
[HMIM][BF4],CCCCCCN1C=C[N+](=C1)C.F[B-](F)(F)F,[HMIM],[BF4],362.64,8.97
[OMIM][PF6],CCCCCCCCN1C=C[N+](=C1)C.F[P-](F)(F)(F)(F)F,[OMIM],[PF6],363.27,4.52
[OMIM][PF6],CCCCCCCCN1C=C[N+](=C1)C.F[P-](F)(F)(F)(F)F,[OMIM],[PF6],347.64,2.64
[OMIM][PF6],CCCCCCCCN1C=C[N+](=C1)C.F[P-](F)(F)(F)(F)F,[OMIM],[PF6],347.65,2.73
[OMIM][PF6],CCCCCCCCN1C=C[N+](=C1)C.F[P-](F)(F)(F)(F)F,[OMIM],[PF6],347.68,2.58
[OMIM][PF6],CCCCCCCCN1C=C[N+](=C1)C.F[P-](F)(F)(F)(F)F,[OMIM],[PF6],347.69,2.56
[OMIM][PF6],CCCCCCCCN1C=C[N+](=C1)C.F[P-](F)(F)(F)(F)F,[OMIM],[PF6],363.06,4.36
[OMIM][PF6],CCCCCCCCN1C=C[N+](=C1)C.F[P-](F)(F)(F)(F)F,[OMIM],[PF6],363.14,4.52
[OMIM][PF6],CCCCCCCCN1C=C[N+](=C1)C.F[P-](F)(F)(F)(F)F,[OMIM],[PF6],363.23,4.41
[OMIM][BF4],CCCCCCCCN1C=C[N+](=C1)C.F[B-](F)(F)F,[OMIM],[BF4],322.59,1.58
[OMIM][BF4],CCCCCCCCN1C=C[N+](=C1)C.F[B-](F)(F)F,[OMIM],[BF4],332.99,2.41
[OMIM][BF4],CCCCCCCCN1C=C[N+](=C1)C.F[B-](F)(F)F,[OMIM],[BF4],333.0,2.55
[OMIM][BF4],CCCCCCCCN1C=C[N+](=C1)C.F[B-](F)(F)F,[OMIM],[BF4],333.14,2.48
[OMIM][BF4],CCCCCCCCN1C=C[N+](=C1)C.F[B-](F)(F)F,[OMIM],[BF4],342.97,3.59
[OMIM][BF4],CCCCCCCCN1C=C[N+](=C1)C.F[B-](F)(F)F,[OMIM],[BF4],343.0,3.55
[OMIM][BF4],CCCCCCCCN1C=C[N+](=C1)C.F[B-](F)(F)F,[OMIM],[BF4],343.05,3.67
[OMIM][BF4],CCCCCCCCN1C=C[N+](=C1)C.F[B-](F)(F)F,[OMIM],[BF4],362.5,9.22
[OMIM][BF4],CCCCCCCCN1C=C[N+](=C1)C.F[B-](F)(F)F,[OMIM],[BF4],347.08,4.05
[OMIM][BF4],CCCCCCCCN1C=C[N+](=C1)C.F[B-](F)(F)F,[OMIM],[BF4],347.09,4.2
[OMIM][BF4],CCCCCCCCN1C=C[N+](=C1)C.F[B-](F)(F)F,[OMIM],[BF4],353.25,5.44
[OMIM][BF4],CCCCCCCCN1C=C[N+](=C1)C.F[B-](F)(F)F,[OMIM],[BF4],353.3,5.29
[OMIM][BF4],CCCCCCCCN1C=C[N+](=C1)C.F[B-](F)(F)F,[OMIM],[BF4],353.37,5.26
[OMIM][BF4],CCCCCCCCN1C=C[N+](=C1)C.F[B-](F)(F)F,[OMIM],[BF4],364.28,7.25
[OMIM][BF4],CCCCCCCCN1C=C[N+](=C1)C.F[B-](F)(F)F,[OMIM],[BF4],364.29,7.28
[OMIM][BF4],CCCCCCCCN1C=C[N+](=C1)C.F[B-](F)(F)F,[OMIM],[BF4],364.37,7.18
[EMIM][Tf2N],CCN1C=C[N+](=C1)C.C(F)(F)(F)S(=O)(=O)[N-]S(=O)(=O)C(F)(F)F,[EMIM],[Tf2N],283.17,1.65
[EMIM][Tf2N],CCN1C=C[N+](=C1)C.C(F)(F)(F)S(=O)(=O)[N-]S(=O)(=O)C(F)(F)F,[EMIM],[Tf2N],283.19,1.62
[EMIM][Tf2N],CCN1C=C[N+](=C1)C.C(F)(F)(F)S(=O)(=O)[N-]S(=O)(=O)C(F)(F)F,[EMIM],[Tf2N],293.21,2.497
[EMIM][Tf2N],CCN1C=C[N+](=C1)C.C(F)(F)(F)S(=O)(=O)[N-]S(=O)(=O)C(F)(F)F,[EMIM],[Tf2N],293.23,2.52
[EMIM][Tf2N],CCN1C=C[N+](=C1)C.C(F)(F)(F)S(=O)(=O)[N-]S(=O)(=O)C(F)(F)F,[EMIM],[Tf2N],298.15,3.053
[EMIM][Tf2N],CCN1C=C[N+](=C1)C.C(F)(F)(F)S(=O)(=O)[N-]S(=O)(=O)C(F)(F)F,[EMIM],[Tf2N],303.33,3.649
[EMIM][Tf2N],CCN1C=C[N+](=C1)C.C(F)(F)(F)S(=O)(=O)[N-]S(=O)(=O)C(F)(F)F,[EMIM],[Tf2N],313.37,5.235
[EMIM][Tf2N],CCN1C=C[N+](=C1)C.C(F)(F)(F)S(=O)(=O)[N-]S(=O)(=O)C(F)(F)F,[EMIM],[Tf2N],313.41,5.255
[EMIM][Tf2N],CCN1C=C[N+](=C1)C.C(F)(F)(F)S(=O)(=O)[N-]S(=O)(=O)C(F)(F)F,[EMIM],[Tf2N],323.03,7.1
[EMIM][Tf2N],CCN1C=C[N+](=C1)C.C(F)(F)(F)S(=O)(=O)[N-]S(=O)(=O)C(F)(F)F,[EMIM],[Tf2N],323.05,6.749
[EMIM][Tf2N],CCN1C=C[N+](=C1)C.C(F)(F)(F)S(=O)(=O)[N-]S(=O)(=O)C(F)(F)F,[EMIM],[Tf2N],323.07,7.158
[EMIM][Tf2N],CCN1C=C[N+](=C1)C.C(F)(F)(F)S(=O)(=O)[N-]S(=O)(=O)C(F)(F)F,[EMIM],[Tf2N],323.31,6.969
[EMIM][Tf2N],CCN1C=C[N+](=C1)C.C(F)(F)(F)S(=O)(=O)[N-]S(=O)(=O)C(F)(F)F,[EMIM],[Tf2N],323.32,6.889
[EMIM][Tf2N],CCN1C=C[N+](=C1)C.C(F)(F)(F)S(=O)(=O)[N-]S(=O)(=O)C(F)(F)F,[EMIM],[Tf2N],323.35,6.991
[EMIM][Tf2N],CCN1C=C[N+](=C1)C.C(F)(F)(F)S(=O)(=O)[N-]S(=O)(=O)C(F)(F)F,[EMIM],[Tf2N],333.41,9.04
[EMIM][Tf2N],CCN1C=C[N+](=C1)C.C(F)(F)(F)S(=O)(=O)[N-]S(=O)(=O)C(F)(F)F,[EMIM],[Tf2N],333.42,9.022
[EMIM][Tf2N],CCN1C=C[N+](=C1)C.C(F)(F)(F)S(=O)(=O)[N-]S(=O)(=O)C(F)(F)F,[EMIM],[Tf2N],343.98,11.71
[EMIM][Tf2N],CCN1C=C[N+](=C1)C.C(F)(F)(F)S(=O)(=O)[N-]S(=O)(=O)C(F)(F)F,[EMIM],[Tf2N],344.04,11.82
[EMIM][Tf2N],CCN1C=C[N+](=C1)C.C(F)(F)(F)S(=O)(=O)[N-]S(=O)(=O)C(F)(F)F,[EMIM],[Tf2N],353.9,14.4
[EMIM][Tf2N],CCN1C=C[N+](=C1)C.C(F)(F)(F)S(=O)(=O)[N-]S(=O)(=O)C(F)(F)F,[EMIM],[Tf2N],353.92,14.41
[EMIM][Tf2N],CCN1C=C[N+](=C1)C.C(F)(F)(F)S(=O)(=O)[N-]S(=O)(=O)C(F)(F)F,[EMIM],[Tf2N],363.38,17.87
[EMIM][Tf2N],CCN1C=C[N+](=C1)C.C(F)(F)(F)S(=O)(=O)[N-]S(=O)(=O)C(F)(F)F,[EMIM],[Tf2N],363.43,17.57
[BMIM][Tf2N],CCCCN1C=C[N+](=C1)C.C(F)(F)(F)S(=O)(=O)[N-]S(=O)(=O)C(F)(F)F,[BMIM],[Tf2N],288.25,1.305
[BMIM][Tf2N],CCCCN1C=C[N+](=C1)C.C(F)(F)(F)S(=O)(=O)[N-]S(=O)(=O)C(F)(F)F,[BMIM],[Tf2N],293.26,1.664
[BMIM][Tf2N],CCCCN1C=C[N+](=C1)C.C(F)(F)(F)S(=O)(=O)[N-]S(=O)(=O)C(F)(F)F,[BMIM],[Tf2N],293.28,1.682
[BMIM][Tf2N],CCCCN1C=C[N+](=C1)C.C(F)(F)(F)S(=O)(=O)[N-]S(=O)(=O)C(F)(F)F,[BMIM],[Tf2N],298.12,2.086
[BMIM][Tf2N],CCCCN1C=C[N+](=C1)C.C(F)(F)(F)S(=O)(=O)[N-]S(=O)(=O)C(F)(F)F,[BMIM],[Tf2N],298.26,2.048
[BMIM][Tf2N],CCCCN1C=C[N+](=C1)C.C(F)(F)(F)S(=O)(=O)[N-]S(=O)(=O)C(F)(F)F,[BMIM],[Tf2N],298.44,2.13
[BMIM][Tf2N],CCCCN1C=C[N+](=C1)C.C(F)(F)(F)S(=O)(=O)[N-]S(=O)(=O)C(F)(F)F,[BMIM],[Tf2N],298.52,2.123
[BMIM][Tf2N],CCCCN1C=C[N+](=C1)C.C(F)(F)(F)S(=O)(=O)[N-]S(=O)(=O)C(F)(F)F,[BMIM],[Tf2N],303.14,2.654
[BMIM][Tf2N],CCCCN1C=C[N+](=C1)C.C(F)(F)(F)S(=O)(=O)[N-]S(=O)(=O)C(F)(F)F,[BMIM],[Tf2N],303.36,2.635
[BMIM][Tf2N],CCCCN1C=C[N+](=C1)C.C(F)(F)(F)S(=O)(=O)[N-]S(=O)(=O)C(F)(F)F,[BMIM],[Tf2N],303.37,2.603
[BMIM][Tf2N],CCCCN1C=C[N+](=C1)C.C(F)(F)(F)S(=O)(=O)[N-]S(=O)(=O)C(F)(F)F,[BMIM],[Tf2N],313.35,3.883
[BMIM][Tf2N],CCCCN1C=C[N+](=C1)C.C(F)(F)(F)S(=O)(=O)[N-]S(=O)(=O)C(F)(F)F,[BMIM],[Tf2N],313.37,3.904
[BMIM][Tf2N],CCCCN1C=C[N+](=C1)C.C(F)(F)(F)S(=O)(=O)[N-]S(=O)(=O)C(F)(F)F,[BMIM],[Tf2N],321.96,5.349
[BMIM][Tf2N],CCCCN1C=C[N+](=C1)C.C(F)(F)(F)S(=O)(=O)[N-]S(=O)(=O)C(F)(F)F,[BMIM],[Tf2N],322.72,5.391
[BMIM][Tf2N],CCCCN1C=C[N+](=C1)C.C(F)(F)(F)S(=O)(=O)[N-]S(=O)(=O)C(F)(F)F,[BMIM],[Tf2N],323.0,5.354
[BMIM][Tf2N],CCCCN1C=C[N+](=C1)C.C(F)(F)(F)S(=O)(=O)[N-]S(=O)(=O)C(F)(F)F,[BMIM],[Tf2N],323.01,5.428
[BMIM][Tf2N],CCCCN1C=C[N+](=C1)C.C(F)(F)(F)S(=O)(=O)[N-]S(=O)(=O)C(F)(F)F,[BMIM],[Tf2N],323.06,5.259
[BMIM][Tf2N],CCCCN1C=C[N+](=C1)C.C(F)(F)(F)S(=O)(=O)[N-]S(=O)(=O)C(F)(F)F,[BMIM],[Tf2N],323.08,5.394
[BMIM][Tf2N],CCCCN1C=C[N+](=C1)C.C(F)(F)(F)S(=O)(=O)[N-]S(=O)(=O)C(F)(F)F,[BMIM],[Tf2N],323.09,5.506
[BMIM][Tf2N],CCCCN1C=C[N+](=C1)C.C(F)(F)(F)S(=O)(=O)[N-]S(=O)(=O)C(F)(F)F,[BMIM],[Tf2N],323.18,5.494
[BMIM][Tf2N],CCCCN1C=C[N+](=C1)C.C(F)(F)(F)S(=O)(=O)[N-]S(=O)(=O)C(F)(F)F,[BMIM],[Tf2N],323.3,5.294
[BMIM][Tf2N],CCCCN1C=C[N+](=C1)C.C(F)(F)(F)S(=O)(=O)[N-]S(=O)(=O)C(F)(F)F,[BMIM],[Tf2N],323.85,5.479
[BMIM][Tf2N],CCCCN1C=C[N+](=C1)C.C(F)(F)(F)S(=O)(=O)[N-]S(=O)(=O)C(F)(F)F,[BMIM],[Tf2N],333.06,7.407
[BMIM][Tf2N],CCCCN1C=C[N+](=C1)C.C(F)(F)(F)S(=O)(=O)[N-]S(=O)(=O)C(F)(F)F,[BMIM],[Tf2N],333.09,7.302
[BMIM][Tf2N],CCCCN1C=C[N+](=C1)C.C(F)(F)(F)S(=O)(=O)[N-]S(=O)(=O)C(F)(F)F,[BMIM],[Tf2N],338.08,8.54
[BMIM][Tf2N],CCCCN1C=C[N+](=C1)C.C(F)(F)(F)S(=O)(=O)[N-]S(=O)(=O)C(F)(F)F,[BMIM],[Tf2N],338.12,8.266
[BMIM][Tf2N],CCCCN1C=C[N+](=C1)C.C(F)(F)(F)S(=O)(=O)[N-]S(=O)(=O)C(F)(F)F,[BMIM],[Tf2N],338.15,8.545
[BMIM][Tf2N],CCCCN1C=C[N+](=C1)C.C(F)(F)(F)S(=O)(=O)[N-]S(=O)(=O)C(F)(F)F,[BMIM],[Tf2N],338.24,8.46
[BMIM][Tf2N],CCCCN1C=C[N+](=C1)C.C(F)(F)(F)S(=O)(=O)[N-]S(=O)(=O)C(F)(F)F,[BMIM],[Tf2N],338.27,8.42
[BMIM][Tf2N],CCCCN1C=C[N+](=C1)C.C(F)(F)(F)S(=O)(=O)[N-]S(=O)(=O)C(F)(F)F,[BMIM],[Tf2N],343.25,9.701
[BMIM][Tf2N],CCCCN1C=C[N+](=C1)C.C(F)(F)(F)S(=O)(=O)[N-]S(=O)(=O)C(F)(F)F,[BMIM],[Tf2N],343.28,9.701
[BMIM][Tf2N],CCCCN1C=C[N+](=C1)C.C(F)(F)(F)S(=O)(=O)[N-]S(=O)(=O)C(F)(F)F,[BMIM],[Tf2N],347.88,11.34
[BMIM][Tf2N],CCCCN1C=C[N+](=C1)C.C(F)(F)(F)S(=O)(=O)[N-]S(=O)(=O)C(F)(F)F,[BMIM],[Tf2N],347.89,10.84
[BMIM][Tf2N],CCCCN1C=C[N+](=C1)C.C(F)(F)(F)S(=O)(=O)[N-]S(=O)(=O)C(F)(F)F,[BMIM],[Tf2N],347.9,11.07
[BMIM][Tf2N],CCCCN1C=C[N+](=C1)C.C(F)(F)(F)S(=O)(=O)[N-]S(=O)(=O)C(F)(F)F,[BMIM],[Tf2N],348.14,10.96
[BMIM][Tf2N],CCCCN1C=C[N+](=C1)C.C(F)(F)(F)S(=O)(=O)[N-]S(=O)(=O)C(F)(F)F,[BMIM],[Tf2N],348.22,10.93
[BMIM][Tf2N],CCCCN1C=C[N+](=C1)C.C(F)(F)(F)S(=O)(=O)[N-]S(=O)(=O)C(F)(F)F,[BMIM],[Tf2N],348.24,10.99
[BMIM][Tf2N],CCCCN1C=C[N+](=C1)C.C(F)(F)(F)S(=O)(=O)[N-]S(=O)(=O)C(F)(F)F,[BMIM],[Tf2N],353.35,12.19
[BMIM][Tf2N],CCCCN1C=C[N+](=C1)C.C(F)(F)(F)S(=O)(=O)[N-]S(=O)(=O)C(F)(F)F,[BMIM],[Tf2N],353.36,12.2
[BMIM][Tf2N],CCCCN1C=C[N+](=C1)C.C(F)(F)(F)S(=O)(=O)[N-]S(=O)(=O)C(F)(F)F,[BMIM],[Tf2N],363.48,15.75
[HMIM][Tf2N],CCCCCCN1C=C[N+](=C1)C.C(F)(F)(F)S(=O)(=O)[N-]S(=O)(=O)C(F)(F)F,[HMIM],[Tf2N],293.21,1.139
[HMIM][Tf2N],CCCCCCN1C=C[N+](=C1)C.C(F)(F)(F)S(=O)(=O)[N-]S(=O)(=O)C(F)(F)F,[HMIM],[Tf2N],293.24,1.159
[HMIM][Tf2N],CCCCCCN1C=C[N+](=C1)C.C(F)(F)(F)S(=O)(=O)[N-]S(=O)(=O)C(F)(F)F,[HMIM],[Tf2N],298.18,1.454
[HMIM][Tf2N],CCCCCCN1C=C[N+](=C1)C.C(F)(F)(F)S(=O)(=O)[N-]S(=O)(=O)C(F)(F)F,[HMIM],[Tf2N],298.2,1.468
[HMIM][Tf2N],CCCCCCN1C=C[N+](=C1)C.C(F)(F)(F)S(=O)(=O)[N-]S(=O)(=O)C(F)(F)F,[HMIM],[Tf2N],303.16,1.829
[HMIM][Tf2N],CCCCCCN1C=C[N+](=C1)C.C(F)(F)(F)S(=O)(=O)[N-]S(=O)(=O)C(F)(F)F,[HMIM],[Tf2N],303.2,1.818
[HMIM][Tf2N],CCCCCCN1C=C[N+](=C1)C.C(F)(F)(F)S(=O)(=O)[N-]S(=O)(=O)C(F)(F)F,[HMIM],[Tf2N],313.18,2.805
[HMIM][Tf2N],CCCCCCN1C=C[N+](=C1)C.C(F)(F)(F)S(=O)(=O)[N-]S(=O)(=O)C(F)(F)F,[HMIM],[Tf2N],313.24,2.826
[HMIM][Tf2N],CCCCCCN1C=C[N+](=C1)C.C(F)(F)(F)S(=O)(=O)[N-]S(=O)(=O)C(F)(F)F,[HMIM],[Tf2N],323.01,4.098
[HMIM][Tf2N],CCCCCCN1C=C[N+](=C1)C.C(F)(F)(F)S(=O)(=O)[N-]S(=O)(=O)C(F)(F)F,[HMIM],[Tf2N],323.02,4.111
[HMIM][Tf2N],CCCCCCN1C=C[N+](=C1)C.C(F)(F)(F)S(=O)(=O)[N-]S(=O)(=O)C(F)(F)F,[HMIM],[Tf2N],323.05,3.985
[HMIM][Tf2N],CCCCCCN1C=C[N+](=C1)C.C(F)(F)(F)S(=O)(=O)[N-]S(=O)(=O)C(F)(F)F,[HMIM],[Tf2N],323.07,3.924
[HMIM][Tf2N],CCCCCCN1C=C[N+](=C1)C.C(F)(F)(F)S(=O)(=O)[N-]S(=O)(=O)C(F)(F)F,[HMIM],[Tf2N],323.16,4.141
[HMIM][Tf2N],CCCCCCN1C=C[N+](=C1)C.C(F)(F)(F)S(=O)(=O)[N-]S(=O)(=O)C(F)(F)F,[HMIM],[Tf2N],323.17,4.048
[HMIM][Tf2N],CCCCCCN1C=C[N+](=C1)C.C(F)(F)(F)S(=O)(=O)[N-]S(=O)(=O)C(F)(F)F,[HMIM],[Tf2N],332.92,5.614
[HMIM][Tf2N],CCCCCCN1C=C[N+](=C1)C.C(F)(F)(F)S(=O)(=O)[N-]S(=O)(=O)C(F)(F)F,[HMIM],[Tf2N],332.93,5.526
[HMIM][Tf2N],CCCCCCN1C=C[N+](=C1)C.C(F)(F)(F)S(=O)(=O)[N-]S(=O)(=O)C(F)(F)F,[HMIM],[Tf2N],343.44,7.855
[HMIM][Tf2N],CCCCCCN1C=C[N+](=C1)C.C(F)(F)(F)S(=O)(=O)[N-]S(=O)(=O)C(F)(F)F,[HMIM],[Tf2N],343.46,7.987
[HMIM][Tf2N],CCCCCCN1C=C[N+](=C1)C.C(F)(F)(F)S(=O)(=O)[N-]S(=O)(=O)C(F)(F)F,[HMIM],[Tf2N],353.02,9.957
[HMIM][Tf2N],CCCCCCN1C=C[N+](=C1)C.C(F)(F)(F)S(=O)(=O)[N-]S(=O)(=O)C(F)(F)F,[HMIM],[Tf2N],353.25,9.974
[HMIM][Tf2N],CCCCCCN1C=C[N+](=C1)C.C(F)(F)(F)S(=O)(=O)[N-]S(=O)(=O)C(F)(F)F,[HMIM],[Tf2N],363.41,13.9
[HMIM][Tf2N],CCCCCCN1C=C[N+](=C1)C.C(F)(F)(F)S(=O)(=O)[N-]S(=O)(=O)C(F)(F)F,[HMIM],[Tf2N],363.43,13.98
[OMIM][Tf2N],CCCCCCCCN1C=C[N+](=C1)C.C(F)(F)(F)S(=O)(=O)[N-]S(=O)(=O)C(F)(F)F,[OMIM],[Tf2N],303.17,1.45
[OMIM][Tf2N],CCCCCCCCN1C=C[N+](=C1)C.C(F)(F)(F)S(=O)(=O)[N-]S(=O)(=O)C(F)(F)F,[OMIM],[Tf2N],303.12,1.456
[OMIM][Tf2N],CCCCCCCCN1C=C[N+](=C1)C.C(F)(F)(F)S(=O)(=O)[N-]S(=O)(=O)C(F)(F)F,[OMIM],[Tf2N],313.22,2.263
[OMIM][Tf2N],CCCCCCCCN1C=C[N+](=C1)C.C(F)(F)(F)S(=O)(=O)[N-]S(=O)(=O)C(F)(F)F,[OMIM],[Tf2N],313.23,2.227
[OMIM][Tf2N],CCCCCCCCN1C=C[N+](=C1)C.C(F)(F)(F)S(=O)(=O)[N-]S(=O)(=O)C(F)(F)F,[OMIM],[Tf2N],322.97,3.425
[OMIM][Tf2N],CCCCCCCCN1C=C[N+](=C1)C.C(F)(F)(F)S(=O)(=O)[N-]S(=O)(=O)C(F)(F)F,[OMIM],[Tf2N],323.0,3.196
[OMIM][Tf2N],CCCCCCCCN1C=C[N+](=C1)C.C(F)(F)(F)S(=O)(=O)[N-]S(=O)(=O)C(F)(F)F,[OMIM],[Tf2N],323.03,3.321
[OMIM][Tf2N],CCCCCCCCN1C=C[N+](=C1)C.C(F)(F)(F)S(=O)(=O)[N-]S(=O)(=O)C(F)(F)F,[OMIM],[Tf2N],323.13,3.342
[OMIM][Tf2N],CCCCCCCCN1C=C[N+](=C1)C.C(F)(F)(F)S(=O)(=O)[N-]S(=O)(=O)C(F)(F)F,[OMIM],[Tf2N],323.14,3.323
[OMIM][Tf2N],CCCCCCCCN1C=C[N+](=C1)C.C(F)(F)(F)S(=O)(=O)[N-]S(=O)(=O)C(F)(F)F,[OMIM],[Tf2N],332.88,4.636
[OMIM][Tf2N],CCCCCCCCN1C=C[N+](=C1)C.C(F)(F)(F)S(=O)(=O)[N-]S(=O)(=O)C(F)(F)F,[OMIM],[Tf2N],332.92,4.669
[OMIM][Tf2N],CCCCCCCCN1C=C[N+](=C1)C.C(F)(F)(F)S(=O)(=O)[N-]S(=O)(=O)C(F)(F)F,[OMIM],[Tf2N],342.97,6.358
[OMIM][Tf2N],CCCCCCCCN1C=C[N+](=C1)C.C(F)(F)(F)S(=O)(=O)[N-]S(=O)(=O)C(F)(F)F,[OMIM],[Tf2N],343.03,6.264
[OMIM][Tf2N],CCCCCCCCN1C=C[N+](=C1)C.C(F)(F)(F)S(=O)(=O)[N-]S(=O)(=O)C(F)(F)F,[OMIM],[Tf2N],343.07,6.301
[OMIM][Tf2N],CCCCCCCCN1C=C[N+](=C1)C.C(F)(F)(F)S(=O)(=O)[N-]S(=O)(=O)C(F)(F)F,[OMIM],[Tf2N],343.35,6.68
[OMIM][Tf2N],CCCCCCCCN1C=C[N+](=C1)C.C(F)(F)(F)S(=O)(=O)[N-]S(=O)(=O)C(F)(F)F,[OMIM],[Tf2N],343.37,6.451
[OMIM][Tf2N],CCCCCCCCN1C=C[N+](=C1)C.C(F)(F)(F)S(=O)(=O)[N-]S(=O)(=O)C(F)(F)F,[OMIM],[Tf2N],352.59,8.596
[OMIM][Tf2N],CCCCCCCCN1C=C[N+](=C1)C.C(F)(F)(F)S(=O)(=O)[N-]S(=O)(=O)C(F)(F)F,[OMIM],[Tf2N],352.68,8.49
[OMIM][Tf2N],CCCCCCCCN1C=C[N+](=C1)C.C(F)(F)(F)S(=O)(=O)[N-]S(=O)(=O)C(F)(F)F,[OMIM],[Tf2N],352.73,8.515
[OMIM][Tf2N],CCCCCCCCN1C=C[N+](=C1)C.C(F)(F)(F)S(=O)(=O)[N-]S(=O)(=O)C(F)(F)F,[OMIM],[Tf2N],362.16,11.68
[OMIM][Tf2N],CCCCCCCCN1C=C[N+](=C1)C.C(F)(F)(F)S(=O)(=O)[N-]S(=O)(=O)C(F)(F)F,[OMIM],[Tf2N],362.17,11.11
[OMIM][Tf2N],CCCCCCCCN1C=C[N+](=C1)C.C(F)(F)(F)S(=O)(=O)[N-]S(=O)(=O)C(F)(F)F,[OMIM],[Tf2N],363.38,11.98
[OMIM][Tf2N],CCCCCCCCN1C=C[N+](=C1)C.C(F)(F)(F)S(=O)(=O)[N-]S(=O)(=O)C(F)(F)F,[OMIM],[Tf2N],363.41,12.08
"[P2,2,2,5][Tf2N]",CCCCC[P+](CC)(CC)CC.C(F)(F)(F)S(=O)(=O)[N-]S(=O)(=O)C(F)(F)F,"[P2,2,2,5]",[Tf2N],306.15,1.98
"[P2,2,2,5][Tf2N]",CCCCC[P+](CC)(CC)CC.C(F)(F)(F)S(=O)(=O)[N-]S(=O)(=O)C(F)(F)F,"[P2,2,2,5]",[Tf2N],312.15,2.47
"[P2,2,2,5][Tf2N]",CCCCC[P+](CC)(CC)CC.C(F)(F)(F)S(=O)(=O)[N-]S(=O)(=O)C(F)(F)F,"[P2,2,2,5]",[Tf2N],318.15,3.29
"[P2,2,2,5][Tf2N]",CCCCC[P+](CC)(CC)CC.C(F)(F)(F)S(=O)(=O)[N-]S(=O)(=O)C(F)(F)F,"[P2,2,2,5]",[Tf2N],324.15,3.69
"[P2,2,2,5][Tf2N]",CCCCC[P+](CC)(CC)CC.C(F)(F)(F)S(=O)(=O)[N-]S(=O)(=O)C(F)(F)F,"[P2,2,2,5]",[Tf2N],330.15,4.8
"[P2,2,2,5][Tf2N]",CCCCC[P+](CC)(CC)CC.C(F)(F)(F)S(=O)(=O)[N-]S(=O)(=O)C(F)(F)F,"[P2,2,2,5]",[Tf2N],336.15,6.55
"[P2,2,2,2O1][Tf2N]",COCC[P+](CC)(CC)CC.C(F)(F)(F)S(=O)(=O)[N-]S(=O)(=O)C(F)(F)F,"[P2,2,2,2O1]",[Tf2N],298.15,2.04
"[P2,2,2,2O1][Tf2N]",COCC[P+](CC)(CC)CC.C(F)(F)(F)S(=O)(=O)[N-]S(=O)(=O)C(F)(F)F,"[P2,2,2,2O1]",[Tf2N],306.15,3.07
"[P2,2,2,2O1][Tf2N]",COCC[P+](CC)(CC)CC.C(F)(F)(F)S(=O)(=O)[N-]S(=O)(=O)C(F)(F)F,"[P2,2,2,2O1]",[Tf2N],312.15,3.3
"[P2,2,2,2O1][Tf2N]",COCC[P+](CC)(CC)CC.C(F)(F)(F)S(=O)(=O)[N-]S(=O)(=O)C(F)(F)F,"[P2,2,2,2O1]",[Tf2N],318.15,4.36
"[P2,2,2,2O1][Tf2N]",COCC[P+](CC)(CC)CC.C(F)(F)(F)S(=O)(=O)[N-]S(=O)(=O)C(F)(F)F,"[P2,2,2,2O1]",[Tf2N],324.15,5.6
"[P2,2,2,2O1][Tf2N]",COCC[P+](CC)(CC)CC.C(F)(F)(F)S(=O)(=O)[N-]S(=O)(=O)C(F)(F)F,"[P2,2,2,2O1]",[Tf2N],330.15,7.21
"[P2,2,2,2O1][Tf2N]",COCC[P+](CC)(CC)CC.C(F)(F)(F)S(=O)(=O)[N-]S(=O)(=O)C(F)(F)F,"[P2,2,2,2O1]",[Tf2N],336.15,8.22
"[P2,2,2,5][Tf2N]",CCCCC[P+](CC)(CC)CC.C(F)(F)(F)S(=O)(=O)[N-]S(=O)(=O)C(F)(F)F,"[P2,2,2,5]",[Tf2N],303.0,1.5
[EMIM][2CNPyr],CCN1C=C[N+](=C1)C.N#CC1=CC=C[N-]1,[EMIM],[2CNPyr],283.15,0.53
[EMIM][2CNPyr],CCN1C=C[N+](=C1)C.N#CC1=CC=C[N-]1,[EMIM],[2CNPyr],293.15,1.106
[EMIM][2CNPyr],CCN1C=C[N+](=C1)C.N#CC1=CC=C[N-]1,[EMIM],[2CNPyr],298.15,1.5
[EMIM][2CNPyr],CCN1C=C[N+](=C1)C.N#CC1=CC=C[N-]1,[EMIM],[2CNPyr],303.15,1.98
[EMIM][2CNPyr],CCN1C=C[N+](=C1)C.N#CC1=CC=C[N-]1,[EMIM],[2CNPyr],313.15,3.307
[EMIM][2CNPyr],CCN1C=C[N+](=C1)C.N#CC1=CC=C[N-]1,[EMIM],[2CNPyr],323.15,5.106
[EMIM][2CNPyr],CCN1C=C[N+](=C1)C.N#CC1=CC=C[N-]1,[EMIM],[2CNPyr],333.15,7.577
[EMIM][2CNPyr],CCN1C=C[N+](=C1)C.N#CC1=CC=C[N-]1,[EMIM],[2CNPyr],353.15,12.36
[EMIM][4triz],CCN1C=C[N+](=C1)C.[N-]1C=NC=N1,[EMIM],[4triz],283.15,0.527
[EMIM][4triz],CCN1C=C[N+](=C1)C.[N-]1C=NC=N1,[EMIM],[4triz],293.15,1.017
[EMIM][4triz],CCN1C=C[N+](=C1)C.[N-]1C=NC=N1,[EMIM],[4triz],298.15,1.379
[EMIM][4triz],CCN1C=C[N+](=C1)C.[N-]1C=NC=N1,[EMIM],[4triz],303.15,1.83
[EMIM][4triz],CCN1C=C[N+](=C1)C.[N-]1C=NC=N1,[EMIM],[4triz],313.15,2.917
[EMIM][4triz],CCN1C=C[N+](=C1)C.[N-]1C=NC=N1,[EMIM],[4triz],323.15,4.459
[EMIM][4triz],CCN1C=C[N+](=C1)C.[N-]1C=NC=N1,[EMIM],[4triz],333.15,6.491
[EMIM][3triz],CCN1C=C[N+](=C1)C.[N-]1C=CN=N1,[EMIM],[3triz],283.15,0.656
[EMIM][3triz],CCN1C=C[N+](=C1)C.[N-]1C=CN=N1,[EMIM],[3triz],293.15,1.203
[EMIM][3triz],CCN1C=C[N+](=C1)C.[N-]1C=CN=N1,[EMIM],[3triz],298.15,1.586
[EMIM][3triz],CCN1C=C[N+](=C1)C.[N-]1C=CN=N1,[EMIM],[3triz],303.15,1.975
[EMIM][3triz],CCN1C=C[N+](=C1)C.[N-]1C=CN=N1,[EMIM],[3triz],313.15,3.121
[EMIM][3triz],CCN1C=C[N+](=C1)C.[N-]1C=CN=N1,[EMIM],[3triz],323.15,4.505
[EMIM][3triz],CCN1C=C[N+](=C1)C.[N-]1C=CN=N1,[EMIM],[3triz],333.15,6.443
[EMIM][3triz],CCN1C=C[N+](=C1)C.[N-]1C=CN=N1,[EMIM],[3triz],353.15,10.15
[EMIM][4NO2Pyra],CCN1C=C[N+](=C1)C.[O-][N+](=O)C1=C[N-]N=C1,[EMIM],[4NO2Pyra],283.15,0.264
[EMIM][4NO2Pyra],CCN1C=C[N+](=C1)C.[O-][N+](=O)C1=C[N-]N=C1,[EMIM],[4NO2Pyra],293.15,0.614
[EMIM][4NO2Pyra],CCN1C=C[N+](=C1)C.[O-][N+](=O)C1=C[N-]N=C1,[EMIM],[4NO2Pyra],298.15,0.844
[EMIM][4NO2Pyra],CCN1C=C[N+](=C1)C.[O-][N+](=O)C1=C[N-]N=C1,[EMIM],[4NO2Pyra],303.15,1.159
[EMIM][4NO2Pyra],CCN1C=C[N+](=C1)C.[O-][N+](=O)C1=C[N-]N=C1,[EMIM],[4NO2Pyra],313.15,2.096
[EMIM][4NO2Pyra],CCN1C=C[N+](=C1)C.[O-][N+](=O)C1=C[N-]N=C1,[EMIM],[4NO2Pyra],323.15,3.132
[EMIM][4NO2Pyra],CCN1C=C[N+](=C1)C.[O-][N+](=O)C1=C[N-]N=C1,[EMIM],[4NO2Pyra],333.15,4.748
[EMIM][4NO2Pyra],CCN1C=C[N+](=C1)C.[O-][N+](=O)C1=C[N-]N=C1,[EMIM],[4NO2Pyra],353.15,8.52
[EMIM][3NO2Pyra],CCN1C=C[N+](=C1)C.[O-][N+](=O)C1=N[N-]C=C1,[EMIM],[3NO2Pyra],283.15,0.378
[EMIM][3NO2Pyra],CCN1C=C[N+](=C1)C.[O-][N+](=O)C1=N[N-]C=C1,[EMIM],[3NO2Pyra],293.15,0.834
[EMIM][3NO2Pyra],CCN1C=C[N+](=C1)C.[O-][N+](=O)C1=N[N-]C=C1,[EMIM],[3NO2Pyra],298.15,1.188
[EMIM][3NO2Pyra],CCN1C=C[N+](=C1)C.[O-][N+](=O)C1=N[N-]C=C1,[EMIM],[3NO2Pyra],303.15,1.526
[EMIM][3NO2Pyra],CCN1C=C[N+](=C1)C.[O-][N+](=O)C1=N[N-]C=C1,[EMIM],[3NO2Pyra],313.15,2.621
[EMIM][3NO2Pyra],CCN1C=C[N+](=C1)C.[O-][N+](=O)C1=N[N-]C=C1,[EMIM],[3NO2Pyra],323.15,4.274
[EMIM][3NO2Pyra],CCN1C=C[N+](=C1)C.[O-][N+](=O)C1=N[N-]C=C1,[EMIM],[3NO2Pyra],333.15,6.313
[EMIM][3NO2Pyra],CCN1C=C[N+](=C1)C.[O-][N+](=O)C1=N[N-]C=C1,[EMIM],[3NO2Pyra],353.15,10.45
[EMIM][3CF3Pyra],CCN1C=C[N+](=C1)C.FC(F)(F)C1=N[N-]C=C1,[EMIM],[3CF3Pyra],283.15,0.644
[EMIM][3CF3Pyra],CCN1C=C[N+](=C1)C.FC(F)(F)C1=N[N-]C=C1,[EMIM],[3CF3Pyra],293.15,1.185
[EMIM][3CF3Pyra],CCN1C=C[N+](=C1)C.FC(F)(F)C1=N[N-]C=C1,[EMIM],[3CF3Pyra],298.15,1.591
[EMIM][3CF3Pyra],CCN1C=C[N+](=C1)C.FC(F)(F)C1=N[N-]C=C1,[EMIM],[3CF3Pyra],303.15,1.982
[EMIM][3CF3Pyra],CCN1C=C[N+](=C1)C.FC(F)(F)C1=N[N-]C=C1,[EMIM],[3CF3Pyra],313.15,3.161
[EMIM][3CF3Pyra],CCN1C=C[N+](=C1)C.FC(F)(F)C1=N[N-]C=C1,[EMIM],[3CF3Pyra],323.15,4.668
[EMIM][3CF3Pyra],CCN1C=C[N+](=C1)C.FC(F)(F)C1=N[N-]C=C1,[EMIM],[3CF3Pyra],333.15,6.635
[EMIM][3CF3Pyra],CCN1C=C[N+](=C1)C.FC(F)(F)C1=N[N-]C=C1,[EMIM],[3CF3Pyra],353.15,10.79
[EMIM][3CH35CF3Pyra],CCN1C=C[N+](=C1)C.CC1=N[N-]C(=C1)C(F)(F)F,[EMIM],[3CH35CF3Pyra],283.15,0.169
[EMIM][3CH35CF3Pyra],CCN1C=C[N+](=C1)C.CC1=N[N-]C(=C1)C(F)(F)F,[EMIM],[3CH35CF3Pyra],293.15,0.357
[EMIM][3CH35CF3Pyra],CCN1C=C[N+](=C1)C.CC1=N[N-]C(=C1)C(F)(F)F,[EMIM],[3CH35CF3Pyra],298.15,0.509
[EMIM][3CH35CF3Pyra],CCN1C=C[N+](=C1)C.CC1=N[N-]C(=C1)C(F)(F)F,[EMIM],[3CH35CF3Pyra],303.15,0.7
[EMIM][3CH35CF3Pyra],CCN1C=C[N+](=C1)C.CC1=N[N-]C(=C1)C(F)(F)F,[EMIM],[3CH35CF3Pyra],313.15,1.301
[EMIM][3CH35CF3Pyra],CCN1C=C[N+](=C1)C.CC1=N[N-]C(=C1)C(F)(F)F,[EMIM],[3CH35CF3Pyra],323.15,2.171
[EMIM][3CH35CF3Pyra],CCN1C=C[N+](=C1)C.CC1=N[N-]C(=C1)C(F)(F)F,[EMIM],[3CH35CF3Pyra],333.15,3.401
[EMIM][3CH35CF3Pyra],CCN1C=C[N+](=C1)C.CC1=N[N-]C(=C1)C(F)(F)F,[EMIM],[3CH35CF3Pyra],353.15,6.281
[EMIM][tetz],CCN1C=C[N+](=C1)C.[N-]1C=NN=N1,[EMIM],[tetz],283.15,0.685
[EMIM][tetz],CCN1C=C[N+](=C1)C.[N-]1C=NN=N1,[EMIM],[tetz],293.15,1.224
[EMIM][tetz],CCN1C=C[N+](=C1)C.[N-]1C=NN=N1,[EMIM],[tetz],298.15,1.602
[EMIM][tetz],CCN1C=C[N+](=C1)C.[N-]1C=NN=N1,[EMIM],[tetz],303.15,2.003
[EMIM][tetz],CCN1C=C[N+](=C1)C.[N-]1C=NN=N1,[EMIM],[tetz],313.15,3.095
[EMIM][tetz],CCN1C=C[N+](=C1)C.[N-]1C=NN=N1,[EMIM],[tetz],323.15,4.503
[EMIM][tetz],CCN1C=C[N+](=C1)C.[N-]1C=NN=N1,[EMIM],[tetz],333.15,6.383
[EMIM][tetz],CCN1C=C[N+](=C1)C.[N-]1C=NN=N1,[EMIM],[tetz],353.15,9.845
"[N1,1,2,5][Tf2N]",CCCCC[N+](C)(C)CC.C(F)(F)(F)S(=O)(=O)[N-]S(=O)(=O)C(F)(F)F,"[N1,1,2,5]",[Tf2N],313.13,1.789
"[N1,1,2,5][Tf2N]",CCCCC[N+](C)(C)CC.C(F)(F)(F)S(=O)(=O)[N-]S(=O)(=O)C(F)(F)F,"[N1,1,2,5]",[Tf2N],313.14,1.82
"[N1,1,2,5][Tf2N]",CCCCC[N+](C)(C)CC.C(F)(F)(F)S(=O)(=O)[N-]S(=O)(=O)C(F)(F)F,"[N1,1,2,5]",[Tf2N],317.88,2.118
"[N1,1,2,5][Tf2N]",CCCCC[N+](C)(C)CC.C(F)(F)(F)S(=O)(=O)[N-]S(=O)(=O)C(F)(F)F,"[N1,1,2,5]",[Tf2N],317.89,2.108
"[N1,1,2,5][Tf2N]",CCCCC[N+](C)(C)CC.C(F)(F)(F)S(=O)(=O)[N-]S(=O)(=O)C(F)(F)F,"[N1,1,2,5]",[Tf2N],322.8,2.973
"[N1,1,2,5][Tf2N]",CCCCC[N+](C)(C)CC.C(F)(F)(F)S(=O)(=O)[N-]S(=O)(=O)C(F)(F)F,"[N1,1,2,5]",[Tf2N],322.81,2.924
"[N1,1,2,5][Tf2N]",CCCCC[N+](C)(C)CC.C(F)(F)(F)S(=O)(=O)[N-]S(=O)(=O)C(F)(F)F,"[N1,1,2,5]",[Tf2N],322.82,2.805
"[N1,1,2,5][Tf2N]",CCCCC[N+](C)(C)CC.C(F)(F)(F)S(=O)(=O)[N-]S(=O)(=O)C(F)(F)F,"[N1,1,2,5]",[Tf2N],327.84,3.458
"[N1,1,2,5][Tf2N]",CCCCC[N+](C)(C)CC.C(F)(F)(F)S(=O)(=O)[N-]S(=O)(=O)C(F)(F)F,"[N1,1,2,5]",[Tf2N],327.89,3.376
"[N1,1,2,5][Tf2N]",CCCCC[N+](C)(C)CC.C(F)(F)(F)S(=O)(=O)[N-]S(=O)(=O)C(F)(F)F,"[N1,1,2,5]",[Tf2N],332.98,4.078
"[N1,1,2,5][Tf2N]",CCCCC[N+](C)(C)CC.C(F)(F)(F)S(=O)(=O)[N-]S(=O)(=O)C(F)(F)F,"[N1,1,2,5]",[Tf2N],333.0,3.932
"[N1,1,2,5][Tf2N]",CCCCC[N+](C)(C)CC.C(F)(F)(F)S(=O)(=O)[N-]S(=O)(=O)C(F)(F)F,"[N1,1,2,5]",[Tf2N],342.74,5.373
"[N1,1,2,5][Tf2N]",CCCCC[N+](C)(C)CC.C(F)(F)(F)S(=O)(=O)[N-]S(=O)(=O)C(F)(F)F,"[N1,1,2,5]",[Tf2N],342.75,5.43
"[N1,1,2,5][Tf2N]",CCCCC[N+](C)(C)CC.C(F)(F)(F)S(=O)(=O)[N-]S(=O)(=O)C(F)(F)F,"[N1,1,2,5]",[Tf2N],342.77,5.622
"[N1,1,2,5][Tf2N]",CCCCC[N+](C)(C)CC.C(F)(F)(F)S(=O)(=O)[N-]S(=O)(=O)C(F)(F)F,"[N1,1,2,5]",[Tf2N],348.1,6.572
"[N1,1,2,5][Tf2N]",CCCCC[N+](C)(C)CC.C(F)(F)(F)S(=O)(=O)[N-]S(=O)(=O)C(F)(F)F,"[N1,1,2,5]",[Tf2N],348.11,6.817
"[N1,1,2,5][Tf2N]",CCCCC[N+](C)(C)CC.C(F)(F)(F)S(=O)(=O)[N-]S(=O)(=O)C(F)(F)F,"[N1,1,2,5]",[Tf2N],348.15,7.025
"[N1,1,2,5][Tf2N]",CCCCC[N+](C)(C)CC.C(F)(F)(F)S(=O)(=O)[N-]S(=O)(=O)C(F)(F)F,"[N1,1,2,5]",[Tf2N],353.35,7.603
"[N1,1,2,5][Tf2N]",CCCCC[N+](C)(C)CC.C(F)(F)(F)S(=O)(=O)[N-]S(=O)(=O)C(F)(F)F,"[N1,1,2,5]",[Tf2N],357.86,8.578
"[N1,1,2,5][Tf2N]",CCCCC[N+](C)(C)CC.C(F)(F)(F)S(=O)(=O)[N-]S(=O)(=O)C(F)(F)F,"[N1,1,2,5]",[Tf2N],357.87,8.653
"[N1,1,2,5][Tf2N]",CCCCC[N+](C)(C)CC.C(F)(F)(F)S(=O)(=O)[N-]S(=O)(=O)C(F)(F)F,"[N1,1,2,5]",[Tf2N],357.88,8.94
"[N1,1,2,5][Tf2N]",CCCCC[N+](C)(C)CC.C(F)(F)(F)S(=O)(=O)[N-]S(=O)(=O)C(F)(F)F,"[N1,1,2,5]",[Tf2N],363.12,9.878
"[N1,1,2,5][Tf2N]",CCCCC[N+](C)(C)CC.C(F)(F)(F)S(=O)(=O)[N-]S(=O)(=O)C(F)(F)F,"[N1,1,2,5]",[Tf2N],363.13,9.985
"[N1,1,2,5][Tf2N]",CCCCC[N+](C)(C)CC.C(F)(F)(F)S(=O)(=O)[N-]S(=O)(=O)C(F)(F)F,"[N1,1,2,5]",[Tf2N],363.15,10.08
"[N1,1,2,7][Tf2N]",CCCCCCC[N+](C)(C)CC.C(F)(F)(F)S(=O)(=O)[N-]S(=O)(=O)C(F)(F)F,"[N1,1,2,7]",[Tf2N],313.13,1.315
"[N1,1,2,7][Tf2N]",CCCCCCC[N+](C)(C)CC.C(F)(F)(F)S(=O)(=O)[N-]S(=O)(=O)C(F)(F)F,"[N1,1,2,7]",[Tf2N],313.14,1.39
"[N1,1,2,7][Tf2N]",CCCCCCC[N+](C)(C)CC.C(F)(F)(F)S(=O)(=O)[N-]S(=O)(=O)C(F)(F)F,"[N1,1,2,7]",[Tf2N],313.15,1.391
"[N1,1,2,7][Tf2N]",CCCCCCC[N+](C)(C)CC.C(F)(F)(F)S(=O)(=O)[N-]S(=O)(=O)C(F)(F)F,"[N1,1,2,7]",[Tf2N],323.03,2.073
"[N1,1,2,7][Tf2N]",CCCCCCC[N+](C)(C)CC.C(F)(F)(F)S(=O)(=O)[N-]S(=O)(=O)C(F)(F)F,"[N1,1,2,7]",[Tf2N],323.04,2.098
"[N1,1,2,7][Tf2N]",CCCCCCC[N+](C)(C)CC.C(F)(F)(F)S(=O)(=O)[N-]S(=O)(=O)C(F)(F)F,"[N1,1,2,7]",[Tf2N],332.87,2.952
"[N1,1,2,7][Tf2N]",CCCCCCC[N+](C)(C)CC.C(F)(F)(F)S(=O)(=O)[N-]S(=O)(=O)C(F)(F)F,"[N1,1,2,7]",[Tf2N],342.95,4.376
"[N1,1,2,7][Tf2N]",CCCCCCC[N+](C)(C)CC.C(F)(F)(F)S(=O)(=O)[N-]S(=O)(=O)C(F)(F)F,"[N1,1,2,7]",[Tf2N],342.96,4.531
"[N1,1,2,7][Tf2N]",CCCCCCC[N+](C)(C)CC.C(F)(F)(F)S(=O)(=O)[N-]S(=O)(=O)C(F)(F)F,"[N1,1,2,7]",[Tf2N],352.8,6.197
"[N1,1,2,7][Tf2N]",CCCCCCC[N+](C)(C)CC.C(F)(F)(F)S(=O)(=O)[N-]S(=O)(=O)C(F)(F)F,"[N1,1,2,7]",[Tf2N],352.81,6.299
"[N1,1,2,7][Tf2N]",CCCCCCC[N+](C)(C)CC.C(F)(F)(F)S(=O)(=O)[N-]S(=O)(=O)C(F)(F)F,"[N1,1,2,7]",[Tf2N],352.85,6.191
"[N1,1,2,7][Tf2N]",CCCCCCC[N+](C)(C)CC.C(F)(F)(F)S(=O)(=O)[N-]S(=O)(=O)C(F)(F)F,"[N1,1,2,7]",[Tf2N],357.79,7.095
"[N1,1,2,7][Tf2N]",CCCCCCC[N+](C)(C)CC.C(F)(F)(F)S(=O)(=O)[N-]S(=O)(=O)C(F)(F)F,"[N1,1,2,7]",[Tf2N],357.82,7.095
"[N1,1,2,7][Tf2N]",CCCCCCC[N+](C)(C)CC.C(F)(F)(F)S(=O)(=O)[N-]S(=O)(=O)C(F)(F)F,"[N1,1,2,7]",[Tf2N],357.83,7.196
"[N1,1,2,7][Tf2N]",CCCCCCC[N+](C)(C)CC.C(F)(F)(F)S(=O)(=O)[N-]S(=O)(=O)C(F)(F)F,"[N1,1,2,7]",[Tf2N],363.06,8.994
"[N1,1,2,7][Tf2N]",CCCCCCC[N+](C)(C)CC.C(F)(F)(F)S(=O)(=O)[N-]S(=O)(=O)C(F)(F)F,"[N1,1,2,7]",[Tf2N],363.07,8.621
"[N1,1,2,7][Tf2N]",CCCCCCC[N+](C)(C)CC.C(F)(F)(F)S(=O)(=O)[N-]S(=O)(=O)C(F)(F)F,"[N1,1,2,7]",[Tf2N],363.08,7.99
"[N1,1,2,2OCO1][Tf2N]",CC[N+](C)(C)CCOC(C)=O.C(F)(F)(F)S(=O)(=O)[N-]S(=O)(=O)C(F)(F)F,"[N1,1,2,2OCO1]",[Tf2N],308.09,0.972
"[N1,1,2,2OCO1][Tf2N]",CC[N+](C)(C)CCOC(C)=O.C(F)(F)(F)S(=O)(=O)[N-]S(=O)(=O)C(F)(F)F,"[N1,1,2,2OCO1]",[Tf2N],308.08,1.066
"[N1,1,2,2OCO1][Tf2N]",CC[N+](C)(C)CCOC(C)=O.C(F)(F)(F)S(=O)(=O)[N-]S(=O)(=O)C(F)(F)F,"[N1,1,2,2OCO1]",[Tf2N],312.95,1.385
"[N1,1,2,2OCO1][Tf2N]",CC[N+](C)(C)CCOC(C)=O.C(F)(F)(F)S(=O)(=O)[N-]S(=O)(=O)C(F)(F)F,"[N1,1,2,2OCO1]",[Tf2N],312.97,1.356
"[N1,1,2,2OCO1][Tf2N]",CC[N+](C)(C)CCOC(C)=O.C(F)(F)(F)S(=O)(=O)[N-]S(=O)(=O)C(F)(F)F,"[N1,1,2,2OCO1]",[Tf2N],322.79,2.094
"[N1,1,2,2OCO1][Tf2N]",CC[N+](C)(C)CCOC(C)=O.C(F)(F)(F)S(=O)(=O)[N-]S(=O)(=O)C(F)(F)F,"[N1,1,2,2OCO1]",[Tf2N],322.8,2.126
"[N1,1,2,2OCO1][Tf2N]",CC[N+](C)(C)CCOC(C)=O.C(F)(F)(F)S(=O)(=O)[N-]S(=O)(=O)C(F)(F)F,"[N1,1,2,2OCO1]",[Tf2N],322.81,2.084
"[N1,1,2,2OCO1][Tf2N]",CC[N+](C)(C)CCOC(C)=O.C(F)(F)(F)S(=O)(=O)[N-]S(=O)(=O)C(F)(F)F,"[N1,1,2,2OCO1]",[Tf2N],332.97,3.223
"[N1,1,2,2OCO1][Tf2N]",CC[N+](C)(C)CCOC(C)=O.C(F)(F)(F)S(=O)(=O)[N-]S(=O)(=O)C(F)(F)F,"[N1,1,2,2OCO1]",[Tf2N],332.98,3.248
"[N1,1,2,2OCO1][Tf2N]",CC[N+](C)(C)CCOC(C)=O.C(F)(F)(F)S(=O)(=O)[N-]S(=O)(=O)C(F)(F)F,"[N1,1,2,2OCO1]",[Tf2N],343.19,4.577
"[N1,1,2,2OCO1][Tf2N]",CC[N+](C)(C)CCOC(C)=O.C(F)(F)(F)S(=O)(=O)[N-]S(=O)(=O)C(F)(F)F,"[N1,1,2,2OCO1]",[Tf2N],343.2,4.918
"[N1,1,2,2OCO1][Tf2N]",CC[N+](C)(C)CCOC(C)=O.C(F)(F)(F)S(=O)(=O)[N-]S(=O)(=O)C(F)(F)F,"[N1,1,2,2OCO1]",[Tf2N],343.21,4.88
"[N1,1,2,2OCO1][Tf2N]",CC[N+](C)(C)CCOC(C)=O.C(F)(F)(F)S(=O)(=O)[N-]S(=O)(=O)C(F)(F)F,"[N1,1,2,2OCO1]",[Tf2N],353.84,6.943
"[N1,1,2,2OCO1][Tf2N]",CC[N+](C)(C)CCOC(C)=O.C(F)(F)(F)S(=O)(=O)[N-]S(=O)(=O)C(F)(F)F,"[N1,1,2,2OCO1]",[Tf2N],353.86,6.804
"[N1,1,2,2OCO1][Tf2N]",CC[N+](C)(C)CCOC(C)=O.C(F)(F)(F)S(=O)(=O)[N-]S(=O)(=O)C(F)(F)F,"[N1,1,2,2OCO1]",[Tf2N],353.8,6.466
"[N1,1,2,2OCO1][Tf2N]",CC[N+](C)(C)CCOC(C)=O.C(F)(F)(F)S(=O)(=O)[N-]S(=O)(=O)C(F)(F)F,"[N1,1,2,2OCO1]",[Tf2N],353.82,6.393
"[N1,1,2,2OCO1][Tf2N]",CC[N+](C)(C)CCOC(C)=O.C(F)(F)(F)S(=O)(=O)[N-]S(=O)(=O)C(F)(F)F,"[N1,1,2,2OCO1]",[Tf2N],364.29,9.501
"[N1,1,2,2OCO1][Tf2N]",CC[N+](C)(C)CCOC(C)=O.C(F)(F)(F)S(=O)(=O)[N-]S(=O)(=O)C(F)(F)F,"[N1,1,2,2OCO1]",[Tf2N],364.26,9.133
"[N1,1,2,2OCO1][Tf2N]",CC[N+](C)(C)CCOC(C)=O.C(F)(F)(F)S(=O)(=O)[N-]S(=O)(=O)C(F)(F)F,"[N1,1,2,2OCO1]",[Tf2N],364.24,9.346
"[N1,1,2,2O2O1][Tf2N]",CC[N+](C)(C)CCOCCOC.C(F)(F)(F)S(=O)(=O)[N-]S(=O)(=O)C(F)(F)F,"[N1,1,2,2O2O1]",[Tf2N],298.11,1.486
"[N1,1,2,2O2O1][Tf2N]",CC[N+](C)(C)CCOCCOC.C(F)(F)(F)S(=O)(=O)[N-]S(=O)(=O)C(F)(F)F,"[N1,1,2,2O2O1]",[Tf2N],298.14,1.69
"[N1,1,2,2O2O1][Tf2N]",CC[N+](C)(C)CCOCCOC.C(F)(F)(F)S(=O)(=O)[N-]S(=O)(=O)C(F)(F)F,"[N1,1,2,2O2O1]",[Tf2N],298.19,1.678
"[N1,1,2,2O2O1][Tf2N]",CC[N+](C)(C)CCOCCOC.C(F)(F)(F)S(=O)(=O)[N-]S(=O)(=O)C(F)(F)F,"[N1,1,2,2O2O1]",[Tf2N],303.06,2.085
"[N1,1,2,2O2O1][Tf2N]",CC[N+](C)(C)CCOCCOC.C(F)(F)(F)S(=O)(=O)[N-]S(=O)(=O)C(F)(F)F,"[N1,1,2,2O2O1]",[Tf2N],303.02,2.167
"[N1,1,2,2O2O1][Tf2N]",CC[N+](C)(C)CCOCCOC.C(F)(F)(F)S(=O)(=O)[N-]S(=O)(=O)C(F)(F)F,"[N1,1,2,2O2O1]",[Tf2N],303.01,1.898
"[N1,1,2,2O2O1][Tf2N]",CC[N+](C)(C)CCOCCOC.C(F)(F)(F)S(=O)(=O)[N-]S(=O)(=O)C(F)(F)F,"[N1,1,2,2O2O1]",[Tf2N],312.99,3.225
"[N1,1,2,2O2O1][Tf2N]",CC[N+](C)(C)CCOCCOC.C(F)(F)(F)S(=O)(=O)[N-]S(=O)(=O)C(F)(F)F,"[N1,1,2,2O2O1]",[Tf2N],312.96,3.237
"[N1,1,2,2O2O1][Tf2N]",CC[N+](C)(C)CCOCCOC.C(F)(F)(F)S(=O)(=O)[N-]S(=O)(=O)C(F)(F)F,"[N1,1,2,2O2O1]",[Tf2N],312.97,3.328
"[N1,1,2,2O2O1][Tf2N]",CC[N+](C)(C)CCOCCOC.C(F)(F)(F)S(=O)(=O)[N-]S(=O)(=O)C(F)(F)F,"[N1,1,2,2O2O1]",[Tf2N],322.76,4.584
"[N1,1,2,2O2O1][Tf2N]",CC[N+](C)(C)CCOCCOC.C(F)(F)(F)S(=O)(=O)[N-]S(=O)(=O)C(F)(F)F,"[N1,1,2,2O2O1]",[Tf2N],322.78,4.724
"[N1,1,2,2O2O1][Tf2N]",CC[N+](C)(C)CCOCCOC.C(F)(F)(F)S(=O)(=O)[N-]S(=O)(=O)C(F)(F)F,"[N1,1,2,2O2O1]",[Tf2N],322.79,4.526
"[N1,1,2,2O2O1][Tf2N]",CC[N+](C)(C)CCOCCOC.C(F)(F)(F)S(=O)(=O)[N-]S(=O)(=O)C(F)(F)F,"[N1,1,2,2O2O1]",[Tf2N],333.0,5.967
"[N1,1,2,2O2O1][Tf2N]",CC[N+](C)(C)CCOCCOC.C(F)(F)(F)S(=O)(=O)[N-]S(=O)(=O)C(F)(F)F,"[N1,1,2,2O2O1]",[Tf2N],332.98,6.062
"[N1,1,2,2O2O1][Tf2N]",CC[N+](C)(C)CCOCCOC.C(F)(F)(F)S(=O)(=O)[N-]S(=O)(=O)C(F)(F)F,"[N1,1,2,2O2O1]",[Tf2N],342.99,8.491
"[N1,1,2,2O2O1][Tf2N]",CC[N+](C)(C)CCOCCOC.C(F)(F)(F)S(=O)(=O)[N-]S(=O)(=O)C(F)(F)F,"[N1,1,2,2O2O1]",[Tf2N],342.95,8.189
"[N1,1,2,2O2O1][Tf2N]",CC[N+](C)(C)CCOCCOC.C(F)(F)(F)S(=O)(=O)[N-]S(=O)(=O)C(F)(F)F,"[N1,1,2,2O2O1]",[Tf2N],353.83,11.203
"[N1,1,2,2O2O1][Tf2N]",CC[N+](C)(C)CCOCCOC.C(F)(F)(F)S(=O)(=O)[N-]S(=O)(=O)C(F)(F)F,"[N1,1,2,2O2O1]",[Tf2N],353.84,11.335
"[N1,1,2,2O2O1][Tf2N]",CC[N+](C)(C)CCOCCOC.C(F)(F)(F)S(=O)(=O)[N-]S(=O)(=O)C(F)(F)F,"[N1,1,2,2O2O1]",[Tf2N],364.37,13.51
"[N1,1,2,2O2O1][Tf2N]",CC[N+](C)(C)CCOCCOC.C(F)(F)(F)S(=O)(=O)[N-]S(=O)(=O)C(F)(F)F,"[N1,1,2,2O2O1]",[Tf2N],364.24,13.682
"[N1,1,2,2O2O1][Tf2N]",CC[N+](C)(C)CCOCCOC.C(F)(F)(F)S(=O)(=O)[N-]S(=O)(=O)C(F)(F)F,"[N1,1,2,2O2O1]",[Tf2N],364.45,13.698
"[N1,1,2,2O2O1][Tf2N]",CC[N+](C)(C)CCOCCOC.C(F)(F)(F)S(=O)(=O)[N-]S(=O)(=O)C(F)(F)F,"[N1,1,2,2O2O1]",[Tf2N],364.19,14.575
[EMIM][OTf],CCN1C=C[N+](=C1)C.FC(F)(F)S([O-])(=O)=O,[EMIM],[OTf],298.15,2.6
[EMIM][OTf],CCN1C=C[N+](=C1)C.FC(F)(F)S([O-])(=O)=O,[EMIM],[OTf],303.15,3.3
[EMIM][OTf],CCN1C=C[N+](=C1)C.FC(F)(F)S([O-])(=O)=O,[EMIM],[OTf],313.15,5.1
[EMIM][OTf],CCN1C=C[N+](=C1)C.FC(F)(F)S([O-])(=O)=O,[EMIM],[OTf],323.15,7.3
[EMIM][OTf],CCN1C=C[N+](=C1)C.FC(F)(F)S([O-])(=O)=O,[EMIM],[OTf],333.15,11.0
[EMIM][OTf],CCN1C=C[N+](=C1)C.FC(F)(F)S([O-])(=O)=O,[EMIM],[OTf],343.15,15.7
[EMIM][CH3SO4],CCN1C=C[N+](=C1)C.COS([O-])(=O)=O,[EMIM],[CH3SO4],298.15,1.8
[EMIM][CH3SO4],CCN1C=C[N+](=C1)C.COS([O-])(=O)=O,[EMIM],[CH3SO4],303.15,2.2
[EMIM][CH3SO4],CCN1C=C[N+](=C1)C.COS([O-])(=O)=O,[EMIM],[CH3SO4],313.15,3.3
[EMIM][CH3SO4],CCN1C=C[N+](=C1)C.COS([O-])(=O)=O,[EMIM],[CH3SO4],323.15,4.6
[EMIM][CH3SO4],CCN1C=C[N+](=C1)C.COS([O-])(=O)=O,[EMIM],[CH3SO4],333.15,6.5
[EMIM][CH3SO4],CCN1C=C[N+](=C1)C.COS([O-])(=O)=O,[EMIM],[CH3SO4],343.15,9.5
[BMIM][CH3SO4],CCCCN1C=C[N+](=C1)C.COS([O-])(=O)=O,[BMIM],[CH3SO4],298.15,0.65
[BMIM][CH3SO4],CCCCN1C=C[N+](=C1)C.COS([O-])(=O)=O,[BMIM],[CH3SO4],303.15,0.86
[BMIM][CH3SO4],CCCCN1C=C[N+](=C1)C.COS([O-])(=O)=O,[BMIM],[CH3SO4],308.15,1.1
[BMIM][CH3SO4],CCCCN1C=C[N+](=C1)C.COS([O-])(=O)=O,[BMIM],[CH3SO4],313.15,1.4
[BMIM][CH3SO4],CCCCN1C=C[N+](=C1)C.COS([O-])(=O)=O,[BMIM],[CH3SO4],318.15,1.9
[BMIM][CH3SO4],CCCCN1C=C[N+](=C1)C.COS([O-])(=O)=O,[BMIM],[CH3SO4],323.15,2.3
[BMIM][CH3SO4],CCCCN1C=C[N+](=C1)C.COS([O-])(=O)=O,[BMIM],[CH3SO4],328.15,2.9
[BMIM][CH3SO4],CCCCN1C=C[N+](=C1)C.COS([O-])(=O)=O,[BMIM],[CH3SO4],333.15,3.5
[BMIM][CH3SO4],CCCCN1C=C[N+](=C1)C.COS([O-])(=O)=O,[BMIM],[CH3SO4],338.15,4.2
[BMIM][CH3SO4],CCCCN1C=C[N+](=C1)C.COS([O-])(=O)=O,[BMIM],[CH3SO4],343.15,4.9
[BMIM]OTf],CCCCN1C=C[N+](=C1)C.FC(F)(F)S([O-])(=O)=O,[BMIM],[OTf],298.15,1.3
[BMIM]OTf],CCCCN1C=C[N+](=C1)C.FC(F)(F)S([O-])(=O)=O,[BMIM],[OTf],303.15,1.8
[BMIM]OTf],CCCCN1C=C[N+](=C1)C.FC(F)(F)S([O-])(=O)=O,[BMIM],[OTf],313.15,3.0
[BMIM]OTf],CCCCN1C=C[N+](=C1)C.FC(F)(F)S([O-])(=O)=O,[BMIM],[OTf],323.15,5.0
[BMIM]OTf],CCCCN1C=C[N+](=C1)C.FC(F)(F)S([O-])(=O)=O,[BMIM],[OTf],333.15,7.0
[BMIM]OTf],CCCCN1C=C[N+](=C1)C.FC(F)(F)S([O-])(=O)=O,[BMIM],[OTf],343.15,10.1
[EMIM][Tf2N],CCN1C=C[N+](=C1)C.C(F)(F)(F)S(=O)(=O)[N-]S(=O)(=O)C(F)(F)F,[EMIM],[Tf2N],263.15,0.56
[EMIM][Tf2N],CCN1C=C[N+](=C1)C.C(F)(F)(F)S(=O)(=O)[N-]S(=O)(=O)C(F)(F)F,[EMIM],[Tf2N],273.15,1.0
[EMIM][Tf2N],CCN1C=C[N+](=C1)C.C(F)(F)(F)S(=O)(=O)[N-]S(=O)(=O)C(F)(F)F,[EMIM],[Tf2N],283.15,1.6
[EMIM][Tf2N],CCN1C=C[N+](=C1)C.C(F)(F)(F)S(=O)(=O)[N-]S(=O)(=O)C(F)(F)F,[EMIM],[Tf2N],293.15,2.5
[EMIM][Tf2N],CCN1C=C[N+](=C1)C.C(F)(F)(F)S(=O)(=O)[N-]S(=O)(=O)C(F)(F)F,[EMIM],[Tf2N],303.15,3.7
[EMIM][Tf2N],CCN1C=C[N+](=C1)C.C(F)(F)(F)S(=O)(=O)[N-]S(=O)(=O)C(F)(F)F,[EMIM],[Tf2N],313.15,5.2
[EMIM][Tf2N],CCN1C=C[N+](=C1)C.C(F)(F)(F)S(=O)(=O)[N-]S(=O)(=O)C(F)(F)F,[EMIM],[Tf2N],333.15,8.9
[EMIM][Tf2N],CCN1C=C[N+](=C1)C.C(F)(F)(F)S(=O)(=O)[N-]S(=O)(=O)C(F)(F)F,[EMIM],[Tf2N],353.15,14.0
[BMIM][PF6],CCCCN1C=C[N+](=C1)C.F[P-](F)(F)(F)(F)F,[BMIM],[PF6],273.15,0.081
[BMIM][PF6],CCCCN1C=C[N+](=C1)C.F[P-](F)(F)(F)(F)F,[BMIM],[PF6],283.15,0.18
[BMIM][PF6],CCCCN1C=C[N+](=C1)C.F[P-](F)(F)(F)(F)F,[BMIM],[PF6],293.15,0.38
[BMIM][PF6],CCCCN1C=C[N+](=C1)C.F[P-](F)(F)(F)(F)F,[BMIM],[PF6],303.15,0.71
[BMIM][PF6],CCCCN1C=C[N+](=C1)C.F[P-](F)(F)(F)(F)F,[BMIM],[PF6],313.15,1.2
[BMIM][PF6],CCCCN1C=C[N+](=C1)C.F[P-](F)(F)(F)(F)F,[BMIM],[PF6],333.15,2.9
[BMIM][PF6],CCCCN1C=C[N+](=C1)C.F[P-](F)(F)(F)(F)F,[BMIM],[PF6],353.15,5.7
[BMIM][BF4],CCCCN1C=C[N+](=C1)C.F[B-](F)(F)F,[BMIM],[BF4],263.15,0.12
[BMIM][BF4],CCCCN1C=C[N+](=C1)C.F[B-](F)(F)F,[BMIM],[BF4],273.15,0.28
[BMIM][BF4],CCCCN1C=C[N+](=C1)C.F[B-](F)(F)F,[BMIM],[BF4],283.15,0.56
[BMIM][BF4],CCCCN1C=C[N+](=C1)C.F[B-](F)(F)F,[BMIM],[BF4],293.15,1.0
[BMIM][BF4],CCCCN1C=C[N+](=C1)C.F[B-](F)(F)F,[BMIM],[BF4],303.15,1.7
[BMIM][BF4],CCCCN1C=C[N+](=C1)C.F[B-](F)(F)F,[BMIM],[BF4],313.15,2.8
[BMIM][BF4],CCCCN1C=C[N+](=C1)C.F[B-](F)(F)F,[BMIM],[BF4],333.15,5.9
[BMIM][BF4],CCCCN1C=C[N+](=C1)C.F[B-](F)(F)F,[BMIM],[BF4],353.15,11.0
[BMIM][Tf2N],CCCCN1C=C[N+](=C1)C.C(F)(F)(F)S(=O)(=O)[N-]S(=O)(=O)C(F)(F)F,[BMIM],[Tf2N],263.15,0.28
[BMIM][Tf2N],CCCCN1C=C[N+](=C1)C.C(F)(F)(F)S(=O)(=O)[N-]S(=O)(=O)C(F)(F)F,[BMIM],[Tf2N],273.15,0.55
[BMIM][Tf2N],CCCCN1C=C[N+](=C1)C.C(F)(F)(F)S(=O)(=O)[N-]S(=O)(=O)C(F)(F)F,[BMIM],[Tf2N],283.15,0.99
[BMIM][Tf2N],CCCCN1C=C[N+](=C1)C.C(F)(F)(F)S(=O)(=O)[N-]S(=O)(=O)C(F)(F)F,[BMIM],[Tf2N],293.15,1.6
[BMIM][Tf2N],CCCCN1C=C[N+](=C1)C.C(F)(F)(F)S(=O)(=O)[N-]S(=O)(=O)C(F)(F)F,[BMIM],[Tf2N],303.15,2.6
[BMIM][Tf2N],CCCCN1C=C[N+](=C1)C.C(F)(F)(F)S(=O)(=O)[N-]S(=O)(=O)C(F)(F)F,[BMIM],[Tf2N],313.15,3.8
[BMIM][Tf2N],CCCCN1C=C[N+](=C1)C.C(F)(F)(F)S(=O)(=O)[N-]S(=O)(=O)C(F)(F)F,[BMIM],[Tf2N],333.15,7.1
[BMIM][Tf2N],CCCCN1C=C[N+](=C1)C.C(F)(F)(F)S(=O)(=O)[N-]S(=O)(=O)C(F)(F)F,[BMIM],[Tf2N],353.15,12.0
[BMIM]OTf],CCCCN1C=C[N+](=C1)C.FC(F)(F)S([O-])(=O)=O,[BMIM],[OTf],263.15,0.14
[BMIM]OTf],CCCCN1C=C[N+](=C1)C.FC(F)(F)S([O-])(=O)=O,[BMIM],[OTf],273.15,0.31
[BMIM]OTf],CCCCN1C=C[N+](=C1)C.FC(F)(F)S([O-])(=O)=O,[BMIM],[OTf],283.15,0.59
[BMIM]OTf],CCCCN1C=C[N+](=C1)C.FC(F)(F)S([O-])(=O)=O,[BMIM],[OTf],293.15,1.0
[BMIM]OTf],CCCCN1C=C[N+](=C1)C.FC(F)(F)S([O-])(=O)=O,[BMIM],[OTf],353.15,9.0
[BMIM][(C2F5SO2)2N],CCCCN1C=C[N+](=C1)C.FC(F)(F)C(F)(F)S(=O)(=O)[N-]S(=O)(=O)C(F)(F)C(F)(F)F,[BMIM],[(C2F5SO2)2N],263.15,0.73
[BMIM][(C2F5SO2)2N],CCCCN1C=C[N+](=C1)C.FC(F)(F)C(F)(F)S(=O)(=O)[N-]S(=O)(=O)C(F)(F)C(F)(F)F,[BMIM],[(C2F5SO2)2N],273.15,0.17
[BMIM][(C2F5SO2)2N],CCCCN1C=C[N+](=C1)C.FC(F)(F)C(F)(F)S(=O)(=O)[N-]S(=O)(=O)C(F)(F)C(F)(F)F,[BMIM],[(C2F5SO2)2N],283.15,0.35
[BMIM][(C2F5SO2)2N],CCCCN1C=C[N+](=C1)C.FC(F)(F)C(F)(F)S(=O)(=O)[N-]S(=O)(=O)C(F)(F)C(F)(F)F,[BMIM],[(C2F5SO2)2N],293.15,0.65
[BMIM][(C2F5SO2)2N],CCCCN1C=C[N+](=C1)C.FC(F)(F)C(F)(F)S(=O)(=O)[N-]S(=O)(=O)C(F)(F)C(F)(F)F,[BMIM],[(C2F5SO2)2N],303.15,1.1
[BMIM][(C2F5SO2)2N],CCCCN1C=C[N+](=C1)C.FC(F)(F)C(F)(F)S(=O)(=O)[N-]S(=O)(=O)C(F)(F)C(F)(F)F,[BMIM],[(C2F5SO2)2N],313.15,1.8
[BMIM][(C2F5SO2)2N],CCCCN1C=C[N+](=C1)C.FC(F)(F)C(F)(F)S(=O)(=O)[N-]S(=O)(=O)C(F)(F)C(F)(F)F,[BMIM],[(C2F5SO2)2N],333.15,3.9
[BMIM][(C2F5SO2)2N],CCCCN1C=C[N+](=C1)C.FC(F)(F)C(F)(F)S(=O)(=O)[N-]S(=O)(=O)C(F)(F)C(F)(F)F,[BMIM],[(C2F5SO2)2N],353.15,7.3
[BMIM][CF3CO2],CCCCN1C=C[N+](=C1)C.FC(F)(F)C([O-])=O,[BMIM],[CF3CO2],263.15,0.14
[BMIM][CF3CO2],CCCCN1C=C[N+](=C1)C.FC(F)(F)C([O-])=O,[BMIM],[CF3CO2],273.15,0.32
[BMIM][CF3CO2],CCCCN1C=C[N+](=C1)C.FC(F)(F)C([O-])=O,[BMIM],[CF3CO2],283.15,0.65
[BMIM][CF3CO2],CCCCN1C=C[N+](=C1)C.FC(F)(F)C([O-])=O,[BMIM],[CF3CO2],293.15,1.2
[BMIM][CF3CO2],CCCCN1C=C[N+](=C1)C.FC(F)(F)C([O-])=O,[BMIM],[CF3CO2],303.15,1.9
[BMIM][CF3CO2],CCCCN1C=C[N+](=C1)C.FC(F)(F)C([O-])=O,[BMIM],[CF3CO2],313.15,2.9
[BMIM][CF3CO2],CCCCN1C=C[N+](=C1)C.FC(F)(F)C([O-])=O,[BMIM],[CF3CO2],333.15,6.1
[BMIM][CF3CO2],CCCCN1C=C[N+](=C1)C.FC(F)(F)C([O-])=O,[BMIM],[CF3CO2],353.15,11.0
[HMIM][Tf2N],CCCCCCN1C=C[N+](=C1)C.C(F)(F)(F)S(=O)(=O)[N-]S(=O)(=O)C(F)(F)F,[HMIM],[Tf2N],263.15,0.16
[HMIM][Tf2N],CCCCCCN1C=C[N+](=C1)C.C(F)(F)(F)S(=O)(=O)[N-]S(=O)(=O)C(F)(F)F,[HMIM],[Tf2N],273.15,0.36
[HMIM][Tf2N],CCCCCCN1C=C[N+](=C1)C.C(F)(F)(F)S(=O)(=O)[N-]S(=O)(=O)C(F)(F)F,[HMIM],[Tf2N],283.15,0.69
[HMIM][Tf2N],CCCCCCN1C=C[N+](=C1)C.C(F)(F)(F)S(=O)(=O)[N-]S(=O)(=O)C(F)(F)F,[HMIM],[Tf2N],293.15,1.2
[HMIM][Tf2N],CCCCCCN1C=C[N+](=C1)C.C(F)(F)(F)S(=O)(=O)[N-]S(=O)(=O)C(F)(F)F,[HMIM],[Tf2N],303.15,1.9
[HMIM][Tf2N],CCCCCCN1C=C[N+](=C1)C.C(F)(F)(F)S(=O)(=O)[N-]S(=O)(=O)C(F)(F)F,[HMIM],[Tf2N],313.15,3.0
[HMIM][Tf2N],CCCCCCN1C=C[N+](=C1)C.C(F)(F)(F)S(=O)(=O)[N-]S(=O)(=O)C(F)(F)F,[HMIM],[Tf2N],333.15,6.0
[HMIM][Tf2N],CCCCCCN1C=C[N+](=C1)C.C(F)(F)(F)S(=O)(=O)[N-]S(=O)(=O)C(F)(F)F,[HMIM],[Tf2N],353.15,11.0
[OMIM][Tf2N],CCCCCCCCN1C=C[N+](=C1)C.C(F)(F)(F)S(=O)(=O)[N-]S(=O)(=O)C(F)(F)F,[OMIM],[Tf2N],273.15,0.25
[OMIM][Tf2N],CCCCCCCCN1C=C[N+](=C1)C.C(F)(F)(F)S(=O)(=O)[N-]S(=O)(=O)C(F)(F)F,[OMIM],[Tf2N],283.15,0.49
[OMIM][Tf2N],CCCCCCCCN1C=C[N+](=C1)C.C(F)(F)(F)S(=O)(=O)[N-]S(=O)(=O)C(F)(F)F,[OMIM],[Tf2N],293.15,0.88
[OMIM][Tf2N],CCCCCCCCN1C=C[N+](=C1)C.C(F)(F)(F)S(=O)(=O)[N-]S(=O)(=O)C(F)(F)F,[OMIM],[Tf2N],303.15,1.5
[OMIM][Tf2N],CCCCCCCCN1C=C[N+](=C1)C.C(F)(F)(F)S(=O)(=O)[N-]S(=O)(=O)C(F)(F)F,[OMIM],[Tf2N],313.15,2.3
[OMIM][Tf2N],CCCCCCCCN1C=C[N+](=C1)C.C(F)(F)(F)S(=O)(=O)[N-]S(=O)(=O)C(F)(F)F,[OMIM],[Tf2N],333.15,4.8
[OMIM][Tf2N],CCCCCCCCN1C=C[N+](=C1)C.C(F)(F)(F)S(=O)(=O)[N-]S(=O)(=O)C(F)(F)F,[OMIM],[Tf2N],353.15,8.8
[MMIM][Tf2N],CN1C=C[N+](=C1)C.C(F)(F)(F)S(=O)(=O)[N-]S(=O)(=O)C(F)(F)F,[MMIM],[Tf2N],293.15,2.3
[MMIM][Tf2N],CN1C=C[N+](=C1)C.C(F)(F)(F)S(=O)(=O)[N-]S(=O)(=O)C(F)(F)F,[MMIM],[Tf2N],303.15,3.3
[MMIM][Tf2N],CN1C=C[N+](=C1)C.C(F)(F)(F)S(=O)(=O)[N-]S(=O)(=O)C(F)(F)F,[MMIM],[Tf2N],313.15,4.7
[MMIM][Tf2N],CN1C=C[N+](=C1)C.C(F)(F)(F)S(=O)(=O)[N-]S(=O)(=O)C(F)(F)F,[MMIM],[Tf2N],333.15,8.3
[MMIM][Tf2N],CN1C=C[N+](=C1)C.C(F)(F)(F)S(=O)(=O)[N-]S(=O)(=O)C(F)(F)F,[MMIM],[Tf2N],353.15,13.0
"[N1,1,1,4][Tf2N]",CCCC[N+](C)(C)CC.C(F)(F)(F)S(=O)(=O)[N-]S(=O)(=O)C(F)(F)F,"[N1,1,1,4]",[Tf2N],273.15,0.23
"[N1,1,1,4][Tf2N]",CCCC[N+](C)(C)CC.C(F)(F)(F)S(=O)(=O)[N-]S(=O)(=O)C(F)(F)F,"[N1,1,1,4]",[Tf2N],283.15,0.48
"[N1,1,1,4][Tf2N]",CCCC[N+](C)(C)CC.C(F)(F)(F)S(=O)(=O)[N-]S(=O)(=O)C(F)(F)F,"[N1,1,1,4]",[Tf2N],293.15,0.86
"[N1,1,1,4][Tf2N]",CCCC[N+](C)(C)CC.C(F)(F)(F)S(=O)(=O)[N-]S(=O)(=O)C(F)(F)F,"[N1,1,1,4]",[Tf2N],303.15,1.4
"[N1,1,1,4][Tf2N]",CCCC[N+](C)(C)CC.C(F)(F)(F)S(=O)(=O)[N-]S(=O)(=O)C(F)(F)F,"[N1,1,1,4]",[Tf2N],313.15,2.3
"[N1,1,1,4][Tf2N]",CCCC[N+](C)(C)CC.C(F)(F)(F)S(=O)(=O)[N-]S(=O)(=O)C(F)(F)F,"[N1,1,1,4]",[Tf2N],333.15,4.6
"[N1,1,1,4][Tf2N]",CCCC[N+](C)(C)CC.C(F)(F)(F)S(=O)(=O)[N-]S(=O)(=O)C(F)(F)F,"[N1,1,1,4]",[Tf2N],353.15,8.4
[Pyr14][Tf2N],CCCC[N+]1(C)CCCC1.C(F)(F)(F)S(=O)(=O)[N-]S(=O)(=O)C(F)(F)F,[Pyr14],[Tf2N],263.15,0.16
[Pyr14][Tf2N],CCCC[N+]1(C)CCCC1.C(F)(F)(F)S(=O)(=O)[N-]S(=O)(=O)C(F)(F)F,[Pyr14],[Tf2N],273.15,0.35
[Pyr14][Tf2N],CCCC[N+]1(C)CCCC1.C(F)(F)(F)S(=O)(=O)[N-]S(=O)(=O)C(F)(F)F,[Pyr14],[Tf2N],283.15,0.65
[Pyr14][Tf2N],CCCC[N+]1(C)CCCC1.C(F)(F)(F)S(=O)(=O)[N-]S(=O)(=O)C(F)(F)F,[Pyr14],[Tf2N],293.15,1.1
[Pyr14][Tf2N],CCCC[N+]1(C)CCCC1.C(F)(F)(F)S(=O)(=O)[N-]S(=O)(=O)C(F)(F)F,[Pyr14],[Tf2N],303.15,1.8
[Pyr14][Tf2N],CCCC[N+]1(C)CCCC1.C(F)(F)(F)S(=O)(=O)[N-]S(=O)(=O)C(F)(F)F,[Pyr14],[Tf2N],313.15,2.6
[Pyr14][Tf2N],CCCC[N+]1(C)CCCC1.C(F)(F)(F)S(=O)(=O)[N-]S(=O)(=O)C(F)(F)F,[Pyr14],[Tf2N],333.15,5.3
[Pyr14][Tf2N],CCCC[N+]1(C)CCCC1.C(F)(F)(F)S(=O)(=O)[N-]S(=O)(=O)C(F)(F)F,[Pyr14],[Tf2N],353.15,9.1
[bpy][Tf2N],CCCC[N+]1=CC=CC=C1.C(F)(F)(F)S(=O)(=O)[N-]S(=O)(=O)C(F)(F)F,[bpy],[Tf2N],263.15,0.21
[bpy][Tf2N],CCCC[N+]1=CC=CC=C1.C(F)(F)(F)S(=O)(=O)[N-]S(=O)(=O)C(F)(F)F,[bpy],[Tf2N],273.15,0.43
[bpy][Tf2N],CCCC[N+]1=CC=CC=C1.C(F)(F)(F)S(=O)(=O)[N-]S(=O)(=O)C(F)(F)F,[bpy],[Tf2N],283.15,0.82
[bpy][Tf2N],CCCC[N+]1=CC=CC=C1.C(F)(F)(F)S(=O)(=O)[N-]S(=O)(=O)C(F)(F)F,[bpy],[Tf2N],293.15,1.4
[bpy][Tf2N],CCCC[N+]1=CC=CC=C1.C(F)(F)(F)S(=O)(=O)[N-]S(=O)(=O)C(F)(F)F,[bpy],[Tf2N],303.15,2.2
[bpy][Tf2N],CCCC[N+]1=CC=CC=C1.C(F)(F)(F)S(=O)(=O)[N-]S(=O)(=O)C(F)(F)F,[bpy],[Tf2N],313.15,3.3
[bpy][Tf2N],CCCC[N+]1=CC=CC=C1.C(F)(F)(F)S(=O)(=O)[N-]S(=O)(=O)C(F)(F)F,[bpy],[Tf2N],333.15,6.6
[bpy][Tf2N],CCCC[N+]1=CC=CC=C1.C(F)(F)(F)S(=O)(=O)[N-]S(=O)(=O)C(F)(F)F,[bpy],[Tf2N],353.15,11.0
"[N1,1,2,2(N11)][Tf2N]",CC[N+](C)(C)CCN(C)C.C(F)(F)(F)S(=O)(=O)[N-]S(=O)(=O)C(F)(F)F,"[N1,1,2,2(N11)]",[Tf2N],298.29,1.1
"[N1,1,2,2(N11)][Tf2N]",CC[N+](C)(C)CCN(C)C.C(F)(F)(F)S(=O)(=O)[N-]S(=O)(=O)C(F)(F)F,"[N1,1,2,2(N11)]",[Tf2N],298.31,1.14
"[N1,1,2,2(N11)][Tf2N]",CC[N+](C)(C)CCN(C)C.C(F)(F)(F)S(=O)(=O)[N-]S(=O)(=O)C(F)(F)F,"[N1,1,2,2(N11)]",[Tf2N],298.33,1.15
"[N1,1,2,2(N11)][Tf2N]",CC[N+](C)(C)CCN(C)C.C(F)(F)(F)S(=O)(=O)[N-]S(=O)(=O)C(F)(F)F,"[N1,1,2,2(N11)]",[Tf2N],298.34,1.17
"[N1,1,2,2(N11)][Tf2N]",CC[N+](C)(C)CCN(C)C.C(F)(F)(F)S(=O)(=O)[N-]S(=O)(=O)C(F)(F)F,"[N1,1,2,2(N11)]",[Tf2N],303.21,1.35
"[N1,1,2,2(N11)][Tf2N]",CC[N+](C)(C)CCN(C)C.C(F)(F)(F)S(=O)(=O)[N-]S(=O)(=O)C(F)(F)F,"[N1,1,2,2(N11)]",[Tf2N],303.23,1.31
"[N1,1,2,2(N11)][Tf2N]",CC[N+](C)(C)CCN(C)C.C(F)(F)(F)S(=O)(=O)[N-]S(=O)(=O)C(F)(F)F,"[N1,1,2,2(N11)]",[Tf2N],313.17,2.19
"[N1,1,2,2(N11)][Tf2N]",CC[N+](C)(C)CCN(C)C.C(F)(F)(F)S(=O)(=O)[N-]S(=O)(=O)C(F)(F)F,"[N1,1,2,2(N11)]",[Tf2N],313.19,2.29
"[N1,1,2,2(N11)][Tf2N]",CC[N+](C)(C)CCN(C)C.C(F)(F)(F)S(=O)(=O)[N-]S(=O)(=O)C(F)(F)F,"[N1,1,2,2(N11)]",[Tf2N],313.21,2.12
"[N1,1,2,2(N11)][Tf2N]",CC[N+](C)(C)CCN(C)C.C(F)(F)(F)S(=O)(=O)[N-]S(=O)(=O)C(F)(F)F,"[N1,1,2,2(N11)]",[Tf2N],313.24,2.08
"[N1,1,2,2(N11)][Tf2N]",CC[N+](C)(C)CCN(C)C.C(F)(F)(F)S(=O)(=O)[N-]S(=O)(=O)C(F)(F)F,"[N1,1,2,2(N11)]",[Tf2N],323.13,3.3
"[N1,1,2,2(N11)][Tf2N]",CC[N+](C)(C)CCN(C)C.C(F)(F)(F)S(=O)(=O)[N-]S(=O)(=O)C(F)(F)F,"[N1,1,2,2(N11)]",[Tf2N],323.14,3.17
"[N1,1,2,2(N11)][Tf2N]",CC[N+](C)(C)CCN(C)C.C(F)(F)(F)S(=O)(=O)[N-]S(=O)(=O)C(F)(F)F,"[N1,1,2,2(N11)]",[Tf2N],333.29,4.64
"[N1,1,2,2(N11)][Tf2N]",CC[N+](C)(C)CCN(C)C.C(F)(F)(F)S(=O)(=O)[N-]S(=O)(=O)C(F)(F)F,"[N1,1,2,2(N11)]",[Tf2N],333.32,4.76
"[N1,1,2,2(N11)][Tf2N]",CC[N+](C)(C)CCN(C)C.C(F)(F)(F)S(=O)(=O)[N-]S(=O)(=O)C(F)(F)F,"[N1,1,2,2(N11)]",[Tf2N],333.33,4.96
"[N1,1,2,2(N11)][Tf2N]",CC[N+](C)(C)CCN(C)C.C(F)(F)(F)S(=O)(=O)[N-]S(=O)(=O)C(F)(F)F,"[N1,1,2,2(N11)]",[Tf2N],333.34,4.68
"[N1,1,2,2(N11)][Tf2N]",CC[N+](C)(C)CCN(C)C.C(F)(F)(F)S(=O)(=O)[N-]S(=O)(=O)C(F)(F)F,"[N1,1,2,2(N11)]",[Tf2N],343.25,6.76
"[N1,1,2,2(N11)][Tf2N]",CC[N+](C)(C)CCN(C)C.C(F)(F)(F)S(=O)(=O)[N-]S(=O)(=O)C(F)(F)F,"[N1,1,2,2(N11)]",[Tf2N],343.26,6.99
"[N1,1,2,2(N11)][Tf2N]",CC[N+](C)(C)CCN(C)C.C(F)(F)(F)S(=O)(=O)[N-]S(=O)(=O)C(F)(F)F,"[N1,1,2,2(N11)]",[Tf2N],343.27,6.44
"[N1,1,2,2(N11)][Tf2N]",CC[N+](C)(C)CCN(C)C.C(F)(F)(F)S(=O)(=O)[N-]S(=O)(=O)C(F)(F)F,"[N1,1,2,2(N11)]",[Tf2N],348.26,8.03
"[N1,1,2,2(N11)][Tf2N]",CC[N+](C)(C)CCN(C)C.C(F)(F)(F)S(=O)(=O)[N-]S(=O)(=O)C(F)(F)F,"[N1,1,2,2(N11)]",[Tf2N],348.31,7.96
"[N1,1,2,2(N11)][Tf2N]",CC[N+](C)(C)CCN(C)C.C(F)(F)(F)S(=O)(=O)[N-]S(=O)(=O)C(F)(F)F,"[N1,1,2,2(N11)]",[Tf2N],348.32,7.79
"[N1,1,2,2(N11)][Tf2N]",CC[N+](C)(C)CCN(C)C.C(F)(F)(F)S(=O)(=O)[N-]S(=O)(=O)C(F)(F)F,"[N1,1,2,2(N11)]",[Tf2N],348.37,7.81
"[N1,1,2,2(N11)][Tf2N]",CC[N+](C)(C)CCN(C)C.C(F)(F)(F)S(=O)(=O)[N-]S(=O)(=O)C(F)(F)F,"[N1,1,2,2(N11)]",[Tf2N],348.38,7.6
"[N1,1,2,2(N11)][Tf2N]",CC[N+](C)(C)CCN(C)C.C(F)(F)(F)S(=O)(=O)[N-]S(=O)(=O)C(F)(F)F,"[N1,1,2,2(N11)]",[Tf2N],348.42,8.07
"[N1,1,2,2(N11)][Tf2N]",CC[N+](C)(C)CCN(C)C.C(F)(F)(F)S(=O)(=O)[N-]S(=O)(=O)C(F)(F)F,"[N1,1,2,2(N11)]",[Tf2N],353.19,9.01
"[N1,1,2,2(N11)][Tf2N]",CC[N+](C)(C)CCN(C)C.C(F)(F)(F)S(=O)(=O)[N-]S(=O)(=O)C(F)(F)F,"[N1,1,2,2(N11)]",[Tf2N],353.21,8.91
"[N1,1,2,2(N11)][Tf2N]",CC[N+](C)(C)CCN(C)C.C(F)(F)(F)S(=O)(=O)[N-]S(=O)(=O)C(F)(F)F,"[N1,1,2,2(N11)]",[Tf2N],353.28,8.4
"[N1,1,2,2(N11)][Tf2N]",CC[N+](C)(C)CCN(C)C.C(F)(F)(F)S(=O)(=O)[N-]S(=O)(=O)C(F)(F)F,"[N1,1,2,2(N11)]",[Tf2N],358.34,10.5
"[N1,1,2,2(N11)][Tf2N]",CC[N+](C)(C)CCN(C)C.C(F)(F)(F)S(=O)(=O)[N-]S(=O)(=O)C(F)(F)F,"[N1,1,2,2(N11)]",[Tf2N],358.39,10.4
"[N1,1,2,2(N11)][Tf2N]",CC[N+](C)(C)CCN(C)C.C(F)(F)(F)S(=O)(=O)[N-]S(=O)(=O)C(F)(F)F,"[N1,1,2,2(N11)]",[Tf2N],358.4,9.82
"[N1,1,2,2(N11)][Tf2N]",CC[N+](C)(C)CCN(C)C.C(F)(F)(F)S(=O)(=O)[N-]S(=O)(=O)C(F)(F)F,"[N1,1,2,2(N11)]",[Tf2N],363.69,11.8
"[N1,1,2,2(N11)][Tf2N]",CC[N+](C)(C)CCN(C)C.C(F)(F)(F)S(=O)(=O)[N-]S(=O)(=O)C(F)(F)F,"[N1,1,2,2(N11)]",[Tf2N],363.77,12.4
"[N1,1,2,2(N11)][Tf2N]",CC[N+](C)(C)CCN(C)C.C(F)(F)(F)S(=O)(=O)[N-]S(=O)(=O)C(F)(F)F,"[N1,1,2,2(N11)]",[Tf2N],363.8,11.4
"[N1,1,2,2(N11)][Tf2N]",CC[N+](C)(C)CCN(C)C.C(F)(F)(F)S(=O)(=O)[N-]S(=O)(=O)C(F)(F)F,"[N1,1,2,2(N11)]",[Tf2N],363.81,11.7
"[N1,1,2,2(N11)][Tf2N]",CC[N+](C)(C)CCN(C)C.C(F)(F)(F)S(=O)(=O)[N-]S(=O)(=O)C(F)(F)F,"[N1,1,2,2(N11)]",[Tf2N],363.82,12.6
"[N1,1,2,2(N11)][Tf2N]",CC[N+](C)(C)CCN(C)C.C(F)(F)(F)S(=O)(=O)[N-]S(=O)(=O)C(F)(F)F,"[N1,1,2,2(N11)]",[Tf2N],363.83,12.2
"[N1,1,2,2(N11)][Tf2N]",CC[N+](C)(C)CCN(C)C.C(F)(F)(F)S(=O)(=O)[N-]S(=O)(=O)C(F)(F)F,"[N1,1,2,2(N11)]",[Tf2N],363.86,11.8
[C2dmppz][Tf2N],CC[N+]1(C)CCN(C)CC1.C(F)(F)(F)S(=O)(=O)[N-]S(=O)(=O)C(F)(F)F,[C2dmppz],[Tf2N],298.15,0.63
[C2dmppz][Tf2N],CC[N+]1(C)CCN(C)CC1.C(F)(F)(F)S(=O)(=O)[N-]S(=O)(=O)C(F)(F)F,[C2dmppz],[Tf2N],318.06,1.66
[C2dmppz][Tf2N],CC[N+]1(C)CCN(C)CC1.C(F)(F)(F)S(=O)(=O)[N-]S(=O)(=O)C(F)(F)F,[C2dmppz],[Tf2N],318.08,1.71
[C2dmppz][Tf2N],CC[N+]1(C)CCN(C)CC1.C(F)(F)(F)S(=O)(=O)[N-]S(=O)(=O)C(F)(F)F,[C2dmppz],[Tf2N],318.3,1.73
[C2dmppz][Tf2N],CC[N+]1(C)CCN(C)CC1.C(F)(F)(F)S(=O)(=O)[N-]S(=O)(=O)C(F)(F)F,[C2dmppz],[Tf2N],323.11,2.05
[C2dmppz][Tf2N],CC[N+]1(C)CCN(C)CC1.C(F)(F)(F)S(=O)(=O)[N-]S(=O)(=O)C(F)(F)F,[C2dmppz],[Tf2N],323.15,2.11
[C2dmppz][Tf2N],CC[N+]1(C)CCN(C)CC1.C(F)(F)(F)S(=O)(=O)[N-]S(=O)(=O)C(F)(F)F,[C2dmppz],[Tf2N],323.17,2.15
[C2dmppz][Tf2N],CC[N+]1(C)CCN(C)CC1.C(F)(F)(F)S(=O)(=O)[N-]S(=O)(=O)C(F)(F)F,[C2dmppz],[Tf2N],323.3,2.11
[C2dmppz][Tf2N],CC[N+]1(C)CCN(C)CC1.C(F)(F)(F)S(=O)(=O)[N-]S(=O)(=O)C(F)(F)F,[C2dmppz],[Tf2N],333.32,3.2
[C2dmppz][Tf2N],CC[N+]1(C)CCN(C)CC1.C(F)(F)(F)S(=O)(=O)[N-]S(=O)(=O)C(F)(F)F,[C2dmppz],[Tf2N],343.1,4.68
[C2dmppz][Tf2N],CC[N+]1(C)CCN(C)CC1.C(F)(F)(F)S(=O)(=O)[N-]S(=O)(=O)C(F)(F)F,[C2dmppz],[Tf2N],343.13,4.78
[C2dmppz][Tf2N],CC[N+]1(C)CCN(C)CC1.C(F)(F)(F)S(=O)(=O)[N-]S(=O)(=O)C(F)(F)F,[C2dmppz],[Tf2N],348.3,5.89
[C2dmppz][Tf2N],CC[N+]1(C)CCN(C)CC1.C(F)(F)(F)S(=O)(=O)[N-]S(=O)(=O)C(F)(F)F,[C2dmppz],[Tf2N],348.33,5.76
[C2dmppz][Tf2N],CC[N+]1(C)CCN(C)CC1.C(F)(F)(F)S(=O)(=O)[N-]S(=O)(=O)C(F)(F)F,[C2dmppz],[Tf2N],353.13,6.62
[C2dmppz][Tf2N],CC[N+]1(C)CCN(C)CC1.C(F)(F)(F)S(=O)(=O)[N-]S(=O)(=O)C(F)(F)F,[C2dmppz],[Tf2N],353.17,6.65
[C2dmppz][Tf2N],CC[N+]1(C)CCN(C)CC1.C(F)(F)(F)S(=O)(=O)[N-]S(=O)(=O)C(F)(F)F,[C2dmppz],[Tf2N],353.24,6.82
[C2dmppz][Tf2N],CC[N+]1(C)CCN(C)CC1.C(F)(F)(F)S(=O)(=O)[N-]S(=O)(=O)C(F)(F)F,[C2dmppz],[Tf2N],363.84,8.8
[C2dmppz][Tf2N],CC[N+]1(C)CCN(C)CC1.C(F)(F)(F)S(=O)(=O)[N-]S(=O)(=O)C(F)(F)F,[C2dmppz],[Tf2N],363.9,8.8
[C2dmppz][Tf2N],CC[N+]1(C)CCN(C)CC1.C(F)(F)(F)S(=O)(=O)[N-]S(=O)(=O)C(F)(F)F,[C2dmppz],[Tf2N],363.95,9.11
[EMIM][TCB],CCN1C=C[N+](=C1)C.N#C[B-](C#N)(C#N)C#N,[EMIM],[TCB],308.15,9.78
[EMIM][TCB],CCN1C=C[N+](=C1)C.N#C[B-](C#N)(C#N)C#N,[EMIM],[TCB],318.15,12.55
[EMIM][BF4],CCN1C=C[N+](=C1)C.F[B-](F)(F)F,[EMIM],[BF4],353.0,18.0
[EMIM][BF4],CCN1C=C[N+](=C1)C.F[B-](F)(F)F,[EMIM],[BF4],343.0,14.3
[EMIM][BF4],CCN1C=C[N+](=C1)C.F[B-](F)(F)F,[EMIM],[BF4],333.0,11.0
[EMIM][BF4],CCN1C=C[N+](=C1)C.F[B-](F)(F)F,[EMIM],[BF4],323.0,8.33
[EMIM][BF4],CCN1C=C[N+](=C1)C.F[B-](F)(F)F,[EMIM],[BF4],313.0,6.16
[EMIM][BF4],CCN1C=C[N+](=C1)C.F[B-](F)(F)F,[EMIM],[BF4],303.0,4.269
[EMIM][BF4],CCN1C=C[N+](=C1)C.F[B-](F)(F)F,[EMIM],[BF4],298.0,3.6
[EMIM][BF4],CCN1C=C[N+](=C1)C.F[B-](F)(F)F,[EMIM],[BF4],293.0,2.97
[EMIM][BF4],CCN1C=C[N+](=C1)C.F[B-](F)(F)F,[EMIM],[BF4],288.0,2.42
[EMIM][BF4],CCN1C=C[N+](=C1)C.F[B-](F)(F)F,[EMIM],[BF4],283.0,1.96
[EMIM][BF4],CCN1C=C[N+](=C1)C.F[B-](F)(F)F,[EMIM],[BF4],278.0,1.55
[EMIM][BF4],CCN1C=C[N+](=C1)C.F[B-](F)(F)F,[EMIM],[BF4],273.0,1.19
[EMIM][BF4],CCN1C=C[N+](=C1)C.F[B-](F)(F)F,[EMIM],[BF4],268.0,0.89
[EMIM][BF4],CCN1C=C[N+](=C1)C.F[B-](F)(F)F,[EMIM],[BF4],263.0,0.674
[EMIM][BF4],CCN1C=C[N+](=C1)C.F[B-](F)(F)F,[EMIM],[BF4],258.0,0.496
[BMIM][BF4],CCN1C=C[N+](=C1)C.F[B-](F)(F)F,[EMIM],[BF4],253.0,0.335
[BMIM][BF4],CCN1C=C[N+](=C1)C.F[B-](F)(F)F,[EMIM],[BF4],353.0,11.0
[BMIM][BF4],CCN1C=C[N+](=C1)C.F[B-](F)(F)F,[EMIM],[BF4],343.0,8.28
[BMIM][BF4],CCN1C=C[N+](=C1)C.F[B-](F)(F)F,[EMIM],[BF4],333.0,6.01
[BMIM][BF4],CCN1C=C[N+](=C1)C.F[B-](F)(F)F,[EMIM],[BF4],323.0,4.2
[BMIM][BF4],CCN1C=C[N+](=C1)C.F[B-](F)(F)F,[EMIM],[BF4],313.0,2.72
[BMIM][BF4],CCN1C=C[N+](=C1)C.F[B-](F)(F)F,[EMIM],[BF4],303.0,1.72
[BMIM][BF4],CCN1C=C[N+](=C1)C.F[B-](F)(F)F,[EMIM],[BF4],298.0,1.33
[BMIM][BF4],CCN1C=C[N+](=C1)C.F[B-](F)(F)F,[EMIM],[BF4],293.0,1.02
[BMIM][BF4],CCN1C=C[N+](=C1)C.F[B-](F)(F)F,[EMIM],[BF4],288.0,0.743
[BMIM][BF4],CCN1C=C[N+](=C1)C.F[B-](F)(F)F,[EMIM],[BF4],283.0,0.545
[BMIM][BF4],CCN1C=C[N+](=C1)C.F[B-](F)(F)F,[EMIM],[BF4],278.0,0.398
[BMIM][BF4],CCN1C=C[N+](=C1)C.F[B-](F)(F)F,[EMIM],[BF4],273.0,0.275
[BMIM][BF4],CCN1C=C[N+](=C1)C.F[B-](F)(F)F,[EMIM],[BF4],268.0,0.187
[EMIM][Tf2N],CCN1C=C[N+](=C1)C.C(F)(F)(F)S(=O)(=O)[N-]S(=O)(=O)C(F)(F)F,[EMIM],[Tf2N],343.15,13.0
[EMIM][Tf2N],CCN1C=C[N+](=C1)C.C(F)(F)(F)S(=O)(=O)[N-]S(=O)(=O)C(F)(F)F,[EMIM],[Tf2N],323.15,7.5
[EMIM][Tf2N],CCN1C=C[N+](=C1)C.C(F)(F)(F)S(=O)(=O)[N-]S(=O)(=O)C(F)(F)F,[EMIM],[Tf2N],288.15,2.2
[EMIM][Tf2N],CCN1C=C[N+](=C1)C.C(F)(F)(F)S(=O)(=O)[N-]S(=O)(=O)C(F)(F)F,[EMIM],[Tf2N],278.15,1.5
[EMIM][Tf2N],CCN1C=C[N+](=C1)C.C(F)(F)(F)S(=O)(=O)[N-]S(=O)(=O)C(F)(F)F,[EMIM],[Tf2N],268.15,0.93
[EMIM][Tf2N],CCN1C=C[N+](=C1)C.C(F)(F)(F)S(=O)(=O)[N-]S(=O)(=O)C(F)(F)F,[EMIM],[Tf2N],258.15,0.52
[EMIM][Tf2N],CCN1C=C[N+](=C1)C.C(F)(F)(F)S(=O)(=O)[N-]S(=O)(=O)C(F)(F)F,[EMIM],[Tf2N],253.15,0.38
[EMIM][(FSO2)2N],CCN1C=C[N+](=C1)C.FS(=O)(=O)[N-]S(F)(=O)=O,[EMIM],[(FSO2)2N],353.15,26.0
[EMIM][(FSO2)2N],CCN1C=C[N+](=C1)C.FS(=O)(=O)[N-]S(F)(=O)=O,[EMIM],[(FSO2)2N],343.15,21.0
[EMIM][(FSO2)2N],CCN1C=C[N+](=C1)C.FS(=O)(=O)[N-]S(F)(=O)=O,[EMIM],[(FSO2)2N],333.15,17.0
[EMIM][(FSO2)2N],CCN1C=C[N+](=C1)C.FS(=O)(=O)[N-]S(F)(=O)=O,[EMIM],[(FSO2)2N],323.15,13.0
[EMIM][(FSO2)2N],CCN1C=C[N+](=C1)C.FS(=O)(=O)[N-]S(F)(=O)=O,[EMIM],[(FSO2)2N],313.15,10.0
[EMIM][(FSO2)2N],CCN1C=C[N+](=C1)C.FS(=O)(=O)[N-]S(F)(=O)=O,[EMIM],[(FSO2)2N],303.15,7.6
[EMIM][(FSO2)2N],CCN1C=C[N+](=C1)C.FS(=O)(=O)[N-]S(F)(=O)=O,[EMIM],[(FSO2)2N],298.15,6.5
[EMIM][(FSO2)2N],CCN1C=C[N+](=C1)C.FS(=O)(=O)[N-]S(F)(=O)=O,[EMIM],[(FSO2)2N],293.15,5.6
[EMIM][(FSO2)2N],CCN1C=C[N+](=C1)C.FS(=O)(=O)[N-]S(F)(=O)=O,[EMIM],[(FSO2)2N],288.15,4.8
[EMIM][(FSO2)2N],CCN1C=C[N+](=C1)C.FS(=O)(=O)[N-]S(F)(=O)=O,[EMIM],[(FSO2)2N],283.15,4.1
[EMIM][(FSO2)2N],CCN1C=C[N+](=C1)C.FS(=O)(=O)[N-]S(F)(=O)=O,[EMIM],[(FSO2)2N],278.15,3.4
[EMIM][(FSO2)2N],CCN1C=C[N+](=C1)C.FS(=O)(=O)[N-]S(F)(=O)=O,[EMIM],[(FSO2)2N],273.15,2.9
[EMIM][(FSO2)2N],CCN1C=C[N+](=C1)C.FS(=O)(=O)[N-]S(F)(=O)=O,[EMIM],[(FSO2)2N],268.15,2.3
[EMIM][(FSO2)2N],CCN1C=C[N+](=C1)C.FS(=O)(=O)[N-]S(F)(=O)=O,[EMIM],[(FSO2)2N],263.15,1.9
[EMIM][(FSO2)2N],CCN1C=C[N+](=C1)C.FS(=O)(=O)[N-]S(F)(=O)=O,[EMIM],[(FSO2)2N],258.15,1.5
[EMIM][(FSO2)2N],CCN1C=C[N+](=C1)C.FS(=O)(=O)[N-]S(F)(=O)=O,[EMIM],[(FSO2)2N],253.15,1.1
[HMIM][Tf2N],CCCCCCN1C=C[N+](=C1)C.C(F)(F)(F)S(=O)(=O)[N-]S(=O)(=O)C(F)(F)F,[HMIM],[Tf2N],298.0,1.52
[HMIM][Tf2N],CCCCCCN1C=C[N+](=C1)C.C(F)(F)(F)S(=O)(=O)[N-]S(=O)(=O)C(F)(F)F,[HMIM],[Tf2N],313.0,2.96
[HMIM][Tf2N],CCCCCCN1C=C[N+](=C1)C.C(F)(F)(F)S(=O)(=O)[N-]S(=O)(=O)C(F)(F)F,[HMIM],[Tf2N],323.0,4.3
[HMIM][Tf2N],CCCCCCN1C=C[N+](=C1)C.C(F)(F)(F)S(=O)(=O)[N-]S(=O)(=O)C(F)(F)F,[HMIM],[Tf2N],333.0,6.0
[HMIM][Tf2N],CCCCCCN1C=C[N+](=C1)C.C(F)(F)(F)S(=O)(=O)[N-]S(=O)(=O)C(F)(F)F,[HMIM],[Tf2N],343.0,8.1
[HMIM][Tf2N],CCCCCCN1C=C[N+](=C1)C.C(F)(F)(F)S(=O)(=O)[N-]S(=O)(=O)C(F)(F)F,[HMIM],[Tf2N],353.0,10.6
[HMIM][Tf2N],CCCCCCN1C=C[N+](=C1)C.C(F)(F)(F)S(=O)(=O)[N-]S(=O)(=O)C(F)(F)F,[HMIM],[Tf2N],363.0,13.5
[HMIM][Tf2N],CCCCCCN1C=C[N+](=C1)C.C(F)(F)(F)S(=O)(=O)[N-]S(=O)(=O)C(F)(F)F,[HMIM],[Tf2N],373.0,16.9
[Pyr14][Tf2N],CCCC[N+]1(C)CCCC1.C(F)(F)(F)S(=O)(=O)[N-]S(=O)(=O)C(F)(F)F,[Pyr14],[Tf2N],298.6,1.478
[Pyr14][Tf2N],CCCC[N+]1(C)CCCC1.C(F)(F)(F)S(=O)(=O)[N-]S(=O)(=O)C(F)(F)F,[Pyr14],[Tf2N],298.66,1.43
[Pyr14][Tf2N],CCCC[N+]1(C)CCCC1.C(F)(F)(F)S(=O)(=O)[N-]S(=O)(=O)C(F)(F)F,[Pyr14],[Tf2N],303.23,1.778
[Pyr14][Tf2N],CCCC[N+]1(C)CCCC1.C(F)(F)(F)S(=O)(=O)[N-]S(=O)(=O)C(F)(F)F,[Pyr14],[Tf2N],303.26,1.775
[Pyr14][Tf2N],CCCC[N+]1(C)CCCC1.C(F)(F)(F)S(=O)(=O)[N-]S(=O)(=O)C(F)(F)F,[Pyr14],[Tf2N],313.24,2.689
[Pyr14][Tf2N],CCCC[N+]1(C)CCCC1.C(F)(F)(F)S(=O)(=O)[N-]S(=O)(=O)C(F)(F)F,[Pyr14],[Tf2N],313.25,2.695
[Pyr14][Tf2N],CCCC[N+]1(C)CCCC1.C(F)(F)(F)S(=O)(=O)[N-]S(=O)(=O)C(F)(F)F,[Pyr14],[Tf2N],323.14,3.895
[Pyr14][Tf2N],CCCC[N+]1(C)CCCC1.C(F)(F)(F)S(=O)(=O)[N-]S(=O)(=O)C(F)(F)F,[Pyr14],[Tf2N],323.15,3.927
[Pyr14][Tf2N],CCCC[N+]1(C)CCCC1.C(F)(F)(F)S(=O)(=O)[N-]S(=O)(=O)C(F)(F)F,[Pyr14],[Tf2N],323.18,3.858
[Pyr14][Tf2N],CCCC[N+]1(C)CCCC1.C(F)(F)(F)S(=O)(=O)[N-]S(=O)(=O)C(F)(F)F,[Pyr14],[Tf2N],323.21,3.972
[Pyr14][Tf2N],CCCC[N+]1(C)CCCC1.C(F)(F)(F)S(=O)(=O)[N-]S(=O)(=O)C(F)(F)F,[Pyr14],[Tf2N],333.12,5.363
[Pyr14][Tf2N],CCCC[N+]1(C)CCCC1.C(F)(F)(F)S(=O)(=O)[N-]S(=O)(=O)C(F)(F)F,[Pyr14],[Tf2N],333.13,5.338
[Pyr14][Tf2N],CCCC[N+]1(C)CCCC1.C(F)(F)(F)S(=O)(=O)[N-]S(=O)(=O)C(F)(F)F,[Pyr14],[Tf2N],343.26,7.423
[Pyr14][Tf2N],CCCC[N+]1(C)CCCC1.C(F)(F)(F)S(=O)(=O)[N-]S(=O)(=O)C(F)(F)F,[Pyr14],[Tf2N],343.28,7.275
[Pyr14][Tf2N],CCCC[N+]1(C)CCCC1.C(F)(F)(F)S(=O)(=O)[N-]S(=O)(=O)C(F)(F)F,[Pyr14],[Tf2N],348.12,8.428
[Pyr14][Tf2N],CCCC[N+]1(C)CCCC1.C(F)(F)(F)S(=O)(=O)[N-]S(=O)(=O)C(F)(F)F,[Pyr14],[Tf2N],348.17,8.545
[Pyr14][Tf2N],CCCC[N+]1(C)CCCC1.C(F)(F)(F)S(=O)(=O)[N-]S(=O)(=O)C(F)(F)F,[Pyr14],[Tf2N],353.32,9.594
[3-ABN13][Tf2N],CCC[N+]1(C)CC2CCC(CC2)C1.C(F)(F)(F)S(=O)(=O)[N-]S(=O)(=O)C(F)(F)F,[3-ABN13],[Tf2N],338.0,1.877
[3-ABN13][Tf2N],CCC[N+]1(C)CC2CCC(CC2)C1.C(F)(F)(F)S(=O)(=O)[N-]S(=O)(=O)C(F)(F)F,[3-ABN13],[Tf2N],338.03,1.882
[3-ABN13][Tf2N],CCC[N+]1(C)CC2CCC(CC2)C1.C(F)(F)(F)S(=O)(=O)[N-]S(=O)(=O)C(F)(F)F,[3-ABN13],[Tf2N],343.18,2.337
[3-ABN13][Tf2N],CCC[N+]1(C)CC2CCC(CC2)C1.C(F)(F)(F)S(=O)(=O)[N-]S(=O)(=O)C(F)(F)F,[3-ABN13],[Tf2N],343.25,2.316
[3-ABN13][Tf2N],CCC[N+]1(C)CC2CCC(CC2)C1.C(F)(F)(F)S(=O)(=O)[N-]S(=O)(=O)C(F)(F)F,[3-ABN13],[Tf2N],348.13,2.833
[3-ABN13][Tf2N],CCC[N+]1(C)CC2CCC(CC2)C1.C(F)(F)(F)S(=O)(=O)[N-]S(=O)(=O)C(F)(F)F,[3-ABN13],[Tf2N],348.16,2.905
[3-ABN13][Tf2N],CCC[N+]1(C)CC2CCC(CC2)C1.C(F)(F)(F)S(=O)(=O)[N-]S(=O)(=O)C(F)(F)F,[3-ABN13],[Tf2N],352.82,3.34
[3-ABN13][Tf2N],CCC[N+]1(C)CC2CCC(CC2)C1.C(F)(F)(F)S(=O)(=O)[N-]S(=O)(=O)C(F)(F)F,[3-ABN13],[Tf2N],352.95,3.343
[Pyr13][(FSO2)2N],CCC[N+]1(C)CCCC1.FS(=O)(=O)[N-]S(F)(=O)=O,[Pyr13],[(FSO2)2N],353.15,17.0
[Pyr13][(FSO2)2N],CCC[N+]1(C)CCCC1.FS(=O)(=O)[N-]S(F)(=O)=O,[Pyr13],[(FSO2)2N],343.15,13.0
[Pyr13][(FSO2)2N],CCC[N+]1(C)CCCC1.FS(=O)(=O)[N-]S(F)(=O)=O,[Pyr13],[(FSO2)2N],333.15,11.0
[Pyr13][(FSO2)2N],CCC[N+]1(C)CCCC1.FS(=O)(=O)[N-]S(F)(=O)=O,[Pyr13],[(FSO2)2N],323.15,8.5
[Pyr13][(FSO2)2N],CCC[N+]1(C)CCCC1.FS(=O)(=O)[N-]S(F)(=O)=O,[Pyr13],[(FSO2)2N],313.15,6.5
[Pyr13][(FSO2)2N],CCC[N+]1(C)CCCC1.FS(=O)(=O)[N-]S(F)(=O)=O,[Pyr13],[(FSO2)2N],303.15,4.9
[Pyr13][(FSO2)2N],CCC[N+]1(C)CCCC1.FS(=O)(=O)[N-]S(F)(=O)=O,[Pyr13],[(FSO2)2N],298.15,4.2
[Pyr13][(FSO2)2N],CCC[N+]1(C)CCCC1.FS(=O)(=O)[N-]S(F)(=O)=O,[Pyr13],[(FSO2)2N],293.15,3.6
[Pyr13][(FSO2)2N],CCC[N+]1(C)CCCC1.FS(=O)(=O)[N-]S(F)(=O)=O,[Pyr13],[(FSO2)2N],288.15,3.0
[Pyr13][(FSO2)2N],CCC[N+]1(C)CCCC1.FS(=O)(=O)[N-]S(F)(=O)=O,[Pyr13],[(FSO2)2N],283.15,2.5
[Pyr13][(FSO2)2N],CCC[N+]1(C)CCCC1.FS(=O)(=O)[N-]S(F)(=O)=O,[Pyr13],[(FSO2)2N],278.15,2.1
[Pyr13][(FSO2)2N],CCC[N+]1(C)CCCC1.FS(=O)(=O)[N-]S(F)(=O)=O,[Pyr13],[(FSO2)2N],273.15,1.7
[Pyr13][(FSO2)2N],CCC[N+]1(C)CCCC1.FS(=O)(=O)[N-]S(F)(=O)=O,[Pyr13],[(FSO2)2N],268.15,1.4
[Pyr13][(FSO2)2N],CCC[N+]1(C)CCCC1.FS(=O)(=O)[N-]S(F)(=O)=O,[Pyr13],[(FSO2)2N],263.15,1.1
[Pyr13][(FSO2)2N],CCC[N+]1(C)CCCC1.FS(=O)(=O)[N-]S(F)(=O)=O,[Pyr13],[(FSO2)2N],258.15,0.89
[Pyr13][(FSO2)2N],CCC[N+]1(C)CCCC1.FS(=O)(=O)[N-]S(F)(=O)=O,[Pyr13],[(FSO2)2N],253.15,0.68
[Pyr13][Tf2N],CCC[N+]1(C)CCCC1.C(F)(F)(F)S(=O)(=O)[N-]S(=O)(=O)C(F)(F)F,[Pyr13],[Tf2N],353.15,11.0
[Pyr13][Tf2N],CCC[N+]1(C)CCCC1.C(F)(F)(F)S(=O)(=O)[N-]S(=O)(=O)C(F)(F)F,[Pyr13],[Tf2N],343.15,8.5
[Pyr13][Tf2N],CCC[N+]1(C)CCCC1.C(F)(F)(F)S(=O)(=O)[N-]S(=O)(=O)C(F)(F)F,[Pyr13],[Tf2N],333.15,6.2
[Pyr13][Tf2N],CCC[N+]1(C)CCCC1.C(F)(F)(F)S(=O)(=O)[N-]S(=O)(=O)C(F)(F)F,[Pyr13],[Tf2N],323.15,4.5
[Pyr13][Tf2N],CCC[N+]1(C)CCCC1.C(F)(F)(F)S(=O)(=O)[N-]S(=O)(=O)C(F)(F)F,[Pyr13],[Tf2N],313.15,3.1
[Pyr13][Tf2N],CCC[N+]1(C)CCCC1.C(F)(F)(F)S(=O)(=O)[N-]S(=O)(=O)C(F)(F)F,[Pyr13],[Tf2N],303.15,2.2
[Pyr13][Tf2N],CCC[N+]1(C)CCCC1.C(F)(F)(F)S(=O)(=O)[N-]S(=O)(=O)C(F)(F)F,[Pyr13],[Tf2N],298.15,1.7
[Pyr13][Tf2N],CCC[N+]1(C)CCCC1.C(F)(F)(F)S(=O)(=O)[N-]S(=O)(=O)C(F)(F)F,[Pyr13],[Tf2N],293.15,1.4
[Pyr13][Tf2N],CCC[N+]1(C)CCCC1.C(F)(F)(F)S(=O)(=O)[N-]S(=O)(=O)C(F)(F)F,[Pyr13],[Tf2N],288.15,1.1
[Pyr13][Tf2N],CCC[N+]1(C)CCCC1.C(F)(F)(F)S(=O)(=O)[N-]S(=O)(=O)C(F)(F)F,[Pyr13],[Tf2N],283.15,0.85
[Pyr13][Tf2N],CCC[N+]1(C)CCCC1.C(F)(F)(F)S(=O)(=O)[N-]S(=O)(=O)C(F)(F)F,[Pyr13],[Tf2N],278.15,0.66
[Pyr13][Tf2N],CCC[N+]1(C)CCCC1.C(F)(F)(F)S(=O)(=O)[N-]S(=O)(=O)C(F)(F)F,[Pyr13],[Tf2N],273.15,0.5
[Pyr13][Tf2N],CCC[N+]1(C)CCCC1.C(F)(F)(F)S(=O)(=O)[N-]S(=O)(=O)C(F)(F)F,[Pyr13],[Tf2N],268.15,0.37
[Pyr13][Tf2N],CCC[N+]1(C)CCCC1.C(F)(F)(F)S(=O)(=O)[N-]S(=O)(=O)C(F)(F)F,[Pyr13],[Tf2N],263.15,0.27
[Pyr13][Tf2N],CCC[N+]1(C)CCCC1.C(F)(F)(F)S(=O)(=O)[N-]S(=O)(=O)C(F)(F)F,[Pyr13],[Tf2N],258.15,0.19
[EMIM][CF3OCF2CF2BF3],CCN1C=C[N+](=C1)C.F[B-](F)(F)C(F)(F)C(F)(F)OC(F)(F)F,[EMIM],[CF3OCF2CF2BF3],298.15,3.6
[EMIM][CF3CF2CF2BF3],CCN1C=C[N+](=C1)C.F[B-](F)(F)C(F)(F)C(F)(F)C(F)(F)F,[EMIM],[CF3CF2CF2BF3],298.15,3.2
[EMIM][CF3CF2CF2CF2BF3],CCN1C=C[N+](=C1)C.F[B-](F)(F)C(F)(F)C(F)(F)C(F)(F)C(F)(F)F,[EMIM],[CF3CF2CF2CF2BF3],298.15,2.4
"[N1,2,2,2O1][CF3OCF2CF2BF3]",COCC[N+](C)(C)C.F[B-](F)(F)C(F)(F)C(F)(F)OC(F)(F)F,"[N1,2,2,2O1]",[CF3OCF2CF2BF3],298.15,1.2
"[N1,2,2,2O1][CF3CF2CF2BF3]",COCC[N+](C)(C)C.F[B-](F)(F)C(F)(F)C(F)(F)C(F)(F)F,"[N1,2,2,2O1]",[CF3CF2CF2BF3],298.15,1.1
"[N1,2,2,2O1][CF3CF2CF2CF2BF3]",COCC[N+](C)(C)C.F[B-](F)(F)C(F)(F)C(F)(F)C(F)(F)C(F)(F)F,"[N1,2,2,2O1]",[CF3CF2CF2CF2BF3],298.15,0.72
"[N1,2,2,4][CF3OCF2CF2BF3]",CCCC[N+](C)(CC)CC.F[B-](F)(F)C(F)(F)C(F)(F)OC(F)(F)F,"[N1,2,2,4]",[CF3OCF2CF2BF3],298.15,0.87
[Pyr13][CF3OCF2CF2BF3],CCC[N+]1(C)CCCC1.F[B-](F)(F)C(F)(F)C(F)(F)OC(F)(F)F,[Pyr13],[CF3OCF2CF2BF3],298.15,1.6
[Pyr14][Tf2N],CCCC[N+]1(C)CCCC1.C(F)(F)(F)S(=O)(=O)[N-]S(=O)(=O)C(F)(F)F,[Pyr14],[Tf2N],305.0,1.976
[Pyr14][(C2F5SO2)2N],CCCC[N+]1(C)CCCC1.FC(F)(F)C(F)(F)S(=O)(=O)[N-]S(=O)(=O)C(F)(F)C(F)(F)F,[Pyr14],[(C2F5SO2)2N],305.0,0.624
[Pyr14][CF3SO2NSO2C4F9],CCCC[N+]1(C)CCCC1.FC(F)(F)C(F)(F)C(F)(F)C(F)(F)S(=O)(=O)[N-]S(=O)(=O)C(F)(F)F,[Pyr14],[CF3SO2NSO2C4F9],305.0,0.429
[BMIM][BF4],CCCCN1C=C[N+](=C1)C.F[B-](F)(F)F,[BMIM],[BF4],298.54,1.42
[BMIM][BF4],CCCCN1C=C[N+](=C1)C.F[B-](F)(F)F,[BMIM],[BF4],303.05,1.81
[BMIM][BF4],CCCCN1C=C[N+](=C1)C.F[B-](F)(F)F,[BMIM],[BF4],308.46,2.27
[BMIM][BF4],CCCCN1C=C[N+](=C1)C.F[B-](F)(F)F,[BMIM],[BF4],313.4,2.81
[BMIM][BF4],CCCCN1C=C[N+](=C1)C.F[B-](F)(F)F,[BMIM],[BF4],318.32,3.36
[BMIM][BF4],CCCCN1C=C[N+](=C1)C.F[B-](F)(F)F,[BMIM],[BF4],323.15,4.0
[BMIM][BF4],CCCCN1C=C[N+](=C1)C.F[B-](F)(F)F,[BMIM],[BF4],323.2,3.99
[BMIM][BF4],CCCCN1C=C[N+](=C1)C.F[B-](F)(F)F,[BMIM],[BF4],328.11,4.81
[BMIM][BF4],CCCCN1C=C[N+](=C1)C.F[B-](F)(F)F,[BMIM],[BF4],333.07,5.59
[BMIM][BF4],CCCCN1C=C[N+](=C1)C.F[B-](F)(F)F,[BMIM],[BF4],333.11,5.64
[BMIM][BF4],CCCCN1C=C[N+](=C1)C.F[B-](F)(F)F,[BMIM],[BF4],338.12,6.59
[BMIM][BF4],CCCCN1C=C[N+](=C1)C.F[B-](F)(F)F,[BMIM],[BF4],343.22,7.81
[BMIM][BF4],CCCCN1C=C[N+](=C1)C.F[B-](F)(F)F,[BMIM],[BF4],343.29,7.82
[BMIM][BF4],CCCCN1C=C[N+](=C1)C.F[B-](F)(F)F,[BMIM],[BF4],348.2,9.04
[BMIM][BF4],CCCCN1C=C[N+](=C1)C.F[B-](F)(F)F,[BMIM],[BF4],348.27,8.83
[BMIM][BF4],CCCCN1C=C[N+](=C1)C.F[B-](F)(F)F,[BMIM],[BF4],353.25,10.24
[BMIM][BF4],CCCCN1C=C[N+](=C1)C.F[B-](F)(F)F,[BMIM],[BF4],353.29,10.3
[HMIM][PF6],CCCCCCN1C=C[N+](=C1)C.F[P-](F)(F)(F)(F)F,[HMIM],[PF6],322.99,1.24
[HMIM][PF6],CCCCCCN1C=C[N+](=C1)C.F[P-](F)(F)(F)(F)F,[HMIM],[PF6],323.16,1.2
[HMIM][PF6],CCCCCCN1C=C[N+](=C1)C.F[P-](F)(F)(F)(F)F,[HMIM],[PF6],323.23,1.29
[HMIM][PF6],CCCCCCN1C=C[N+](=C1)C.F[P-](F)(F)(F)(F)F,[HMIM],[PF6],323.24,1.34
[HMIM][PF6],CCCCCCN1C=C[N+](=C1)C.F[P-](F)(F)(F)(F)F,[HMIM],[PF6],323.25,1.17
[HMIM][PF6],CCCCCCN1C=C[N+](=C1)C.F[P-](F)(F)(F)(F)F,[HMIM],[PF6],323.32,1.3
[HMIM][PF6],CCCCCCN1C=C[N+](=C1)C.F[P-](F)(F)(F)(F)F,[HMIM],[PF6],328.02,1.5
[HMIM][PF6],CCCCCCN1C=C[N+](=C1)C.F[P-](F)(F)(F)(F)F,[HMIM],[PF6],328.03,1.53
[HMIM][PF6],CCCCCCN1C=C[N+](=C1)C.F[P-](F)(F)(F)(F)F,[HMIM],[PF6],328.05,1.57
[HMIM][PF6],CCCCCCN1C=C[N+](=C1)C.F[P-](F)(F)(F)(F)F,[HMIM],[PF6],328.07,1.55
[HMIM][PF6],CCCCCCN1C=C[N+](=C1)C.F[P-](F)(F)(F)(F)F,[HMIM],[PF6],328.27,1.55
[HMIM][PF6],CCCCCCN1C=C[N+](=C1)C.F[P-](F)(F)(F)(F)F,[HMIM],[PF6],332.95,1.99
[HMIM][PF6],CCCCCCN1C=C[N+](=C1)C.F[P-](F)(F)(F)(F)F,[HMIM],[PF6],332.97,1.97
[HMIM][PF6],CCCCCCN1C=C[N+](=C1)C.F[P-](F)(F)(F)(F)F,[HMIM],[PF6],333.19,1.95
[HMIM][PF6],CCCCCCN1C=C[N+](=C1)C.F[P-](F)(F)(F)(F)F,[HMIM],[PF6],333.21,1.95
[HMIM][PF6],CCCCCCN1C=C[N+](=C1)C.F[P-](F)(F)(F)(F)F,[HMIM],[PF6],333.27,2.0
[HMIM][PF6],CCCCCCN1C=C[N+](=C1)C.F[P-](F)(F)(F)(F)F,[HMIM],[PF6],333.3,1.96
[HMIM][PF6],CCCCCCN1C=C[N+](=C1)C.F[P-](F)(F)(F)(F)F,[HMIM],[PF6],338.08,2.41
[HMIM][PF6],CCCCCCN1C=C[N+](=C1)C.F[P-](F)(F)(F)(F)F,[HMIM],[PF6],338.19,2.38
[HMIM][PF6],CCCCCCN1C=C[N+](=C1)C.F[P-](F)(F)(F)(F)F,[HMIM],[PF6],338.23,2.4
[HMIM][PF6],CCCCCCN1C=C[N+](=C1)C.F[P-](F)(F)(F)(F)F,[HMIM],[PF6],338.29,2.42
[HMIM][PF6],CCCCCCN1C=C[N+](=C1)C.F[P-](F)(F)(F)(F)F,[HMIM],[PF6],343.3,2.87
[HMIM][PF6],CCCCCCN1C=C[N+](=C1)C.F[P-](F)(F)(F)(F)F,[HMIM],[PF6],343.32,2.89
[HMIM][PF6],CCCCCCN1C=C[N+](=C1)C.F[P-](F)(F)(F)(F)F,[HMIM],[PF6],343.38,2.86
[HMIM][PF6],CCCCCCN1C=C[N+](=C1)C.F[P-](F)(F)(F)(F)F,[HMIM],[PF6],343.45,2.85
[HMIM][PF6],CCCCCCN1C=C[N+](=C1)C.F[P-](F)(F)(F)(F)F,[HMIM],[PF6],348.01,3.53
[HMIM][PF6],CCCCCCN1C=C[N+](=C1)C.F[P-](F)(F)(F)(F)F,[HMIM],[PF6],348.02,3.42
[HMIM][PF6],CCCCCCN1C=C[N+](=C1)C.F[P-](F)(F)(F)(F)F,[HMIM],[PF6],348.21,3.5
[HMIM][PF6],CCCCCCN1C=C[N+](=C1)C.F[P-](F)(F)(F)(F)F,[HMIM],[PF6],348.29,3.5
[HMIM][PF6],CCCCCCN1C=C[N+](=C1)C.F[P-](F)(F)(F)(F)F,[HMIM],[PF6],348.3,3.47
[HMIM][PF6],CCCCCCN1C=C[N+](=C1)C.F[P-](F)(F)(F)(F)F,[HMIM],[PF6],353.01,4.0
[HMIM][PF6],CCCCCCN1C=C[N+](=C1)C.F[P-](F)(F)(F)(F)F,[HMIM],[PF6],353.09,3.96
[HMIM][PF6],CCCCCCN1C=C[N+](=C1)C.F[P-](F)(F)(F)(F)F,[HMIM],[PF6],353.57,4.13
[HMIM][PF6],CCCCCCN1C=C[N+](=C1)C.F[P-](F)(F)(F)(F)F,[HMIM],[PF6],353.64,4.12
[OMIM][PF6],CCCCCCCCN1C=C[N+](=C1)C.F[P-](F)(F)(F)(F)F,[OMIM],[PF6],343.1,2.19
[OMIM][PF6],CCCCCCCCN1C=C[N+](=C1)C.F[P-](F)(F)(F)(F)F,[OMIM],[PF6],343.13,2.21
[OMIM][PF6],CCCCCCCCN1C=C[N+](=C1)C.F[P-](F)(F)(F)(F)F,[OMIM],[PF6],352.98,3.27
[OMIM][PF6],CCCCCCCCN1C=C[N+](=C1)C.F[P-](F)(F)(F)(F)F,[OMIM],[PF6],333.3,1.45
[OMIM][PF6],CCCCCCCCN1C=C[N+](=C1)C.F[P-](F)(F)(F)(F)F,[OMIM],[PF6],333.07,1.45
[OMIM][PF6],CCCCCCCCN1C=C[N+](=C1)C.F[P-](F)(F)(F)(F)F,[OMIM],[PF6],333.09,1.42
[OMIM][PF6],CCCCCCCCN1C=C[N+](=C1)C.F[P-](F)(F)(F)(F)F,[OMIM],[PF6],338.05,1.78
[OMIM][PF6],CCCCCCCCN1C=C[N+](=C1)C.F[P-](F)(F)(F)(F)F,[OMIM],[PF6],338.11,1.78
[OMIM][PF6],CCCCCCCCN1C=C[N+](=C1)C.F[P-](F)(F)(F)(F)F,[OMIM],[PF6],343.1,2.16
[OMIM][PF6],CCCCCCCCN1C=C[N+](=C1)C.F[P-](F)(F)(F)(F)F,[OMIM],[PF6],343.12,2.16
[OMIM][PF6],CCCCCCCCN1C=C[N+](=C1)C.F[P-](F)(F)(F)(F)F,[OMIM],[PF6],348.08,2.67
[OMIM][PF6],CCCCCCCCN1C=C[N+](=C1)C.F[P-](F)(F)(F)(F)F,[OMIM],[PF6],348.12,2.69
[OMIM][PF6],CCCCCCCCN1C=C[N+](=C1)C.F[P-](F)(F)(F)(F)F,[OMIM],[PF6],353.23,3.2
[OMIM][PF6],CCCCCCCCN1C=C[N+](=C1)C.F[P-](F)(F)(F)(F)F,[OMIM],[PF6],353.24,3.21
[BMIM][PF6],CCCCN1C=C[N+](=C1)C.F[P-](F)(F)(F)(F)F,[BMIM],[PF6],303.33,0.7
[BMIM][PF6],CCCCN1C=C[N+](=C1)C.F[P-](F)(F)(F)(F)F,[BMIM],[PF6],308.23,0.95
[BMIM][PF6],CCCCN1C=C[N+](=C1)C.F[P-](F)(F)(F)(F)F,[BMIM],[PF6],308.24,0.94
[BMIM][PF6],CCCCN1C=C[N+](=C1)C.F[P-](F)(F)(F)(F)F,[BMIM],[PF6],313.24,1.14
[BMIM][PF6],CCCCN1C=C[N+](=C1)C.F[P-](F)(F)(F)(F)F,[BMIM],[PF6],313.27,1.23
[BMIM][PF6],CCCCN1C=C[N+](=C1)C.F[P-](F)(F)(F)(F)F,[BMIM],[PF6],313.29,1.22
[BMIM][PF6],CCCCN1C=C[N+](=C1)C.F[P-](F)(F)(F)(F)F,[BMIM],[PF6],313.37,1.16
[BMIM][PF6],CCCCN1C=C[N+](=C1)C.F[P-](F)(F)(F)(F)F,[BMIM],[PF6],323.06,1.89
[BMIM][PF6],CCCCN1C=C[N+](=C1)C.F[P-](F)(F)(F)(F)F,[BMIM],[PF6],323.07,1.91
[BMIM][PF6],CCCCN1C=C[N+](=C1)C.F[P-](F)(F)(F)(F)F,[BMIM],[PF6],323.08,1.89
[BMIM][PF6],CCCCN1C=C[N+](=C1)C.F[P-](F)(F)(F)(F)F,[BMIM],[PF6],323.1,1.94
[BMIM][PF6],CCCCN1C=C[N+](=C1)C.F[P-](F)(F)(F)(F)F,[BMIM],[PF6],323.12,1.81
[BMIM][PF6],CCCCN1C=C[N+](=C1)C.F[P-](F)(F)(F)(F)F,[BMIM],[PF6],323.14,1.92
[BMIM][PF6],CCCCN1C=C[N+](=C1)C.F[P-](F)(F)(F)(F)F,[BMIM],[PF6],332.84,2.86
[BMIM][PF6],CCCCN1C=C[N+](=C1)C.F[P-](F)(F)(F)(F)F,[BMIM],[PF6],332.85,2.95
[BMIM][PF6],CCCCN1C=C[N+](=C1)C.F[P-](F)(F)(F)(F)F,[BMIM],[PF6],332.86,2.98
[BMIM][PF6],CCCCN1C=C[N+](=C1)C.F[P-](F)(F)(F)(F)F,[BMIM],[PF6],332.98,2.87
[BMIM][PF6],CCCCN1C=C[N+](=C1)C.F[P-](F)(F)(F)(F)F,[BMIM],[PF6],333.02,2.94
[BMIM][PF6],CCCCN1C=C[N+](=C1)C.F[P-](F)(F)(F)(F)F,[BMIM],[PF6],333.05,2.82
[BMIM][PF6],CCCCN1C=C[N+](=C1)C.F[P-](F)(F)(F)(F)F,[BMIM],[PF6],333.09,2.84
[BMIM][PF6],CCCCN1C=C[N+](=C1)C.F[P-](F)(F)(F)(F)F,[BMIM],[PF6],342.95,4.23
[BMIM][PF6],CCCCN1C=C[N+](=C1)C.F[P-](F)(F)(F)(F)F,[BMIM],[PF6],342.97,4.26
[BMIM][PF6],CCCCN1C=C[N+](=C1)C.F[P-](F)(F)(F)(F)F,[BMIM],[PF6],343.07,4.24
[BMIM][PF6],CCCCN1C=C[N+](=C1)C.F[P-](F)(F)(F)(F)F,[BMIM],[PF6],343.13,4.25
[BMIM][PF6],CCCCN1C=C[N+](=C1)C.F[P-](F)(F)(F)(F)F,[BMIM],[PF6],347.95,4.83
[BMIM][PF6],CCCCN1C=C[N+](=C1)C.F[P-](F)(F)(F)(F)F,[BMIM],[PF6],348.08,4.92
[BMIM][PF6],CCCCN1C=C[N+](=C1)C.F[P-](F)(F)(F)(F)F,[BMIM],[PF6],348.23,5.04
[BMIM][PF6],CCCCN1C=C[N+](=C1)C.F[P-](F)(F)(F)(F)F,[BMIM],[PF6],353.21,6.0
[BMIM][PF6],CCCCN1C=C[N+](=C1)C.F[P-](F)(F)(F)(F)F,[BMIM],[PF6],353.3,5.96
[BMIM][PF6],CCCCN1C=C[N+](=C1)C.F[P-](F)(F)(F)(F)F,[BMIM],[PF6],353.34,5.71
[BMIM][PF6],CCCCN1C=C[N+](=C1)C.F[P-](F)(F)(F)(F)F,[BMIM],[PF6],353.35,6.21
[BMIM][PF6],CCCCN1C=C[N+](=C1)C.F[P-](F)(F)(F)(F)F,[BMIM],[PF6],293.2,0.39
[BMIM][PF6],CCCCN1C=C[N+](=C1)C.F[P-](F)(F)(F)(F)F,[BMIM],[PF6],313.2,1.3
[BMIM][PF6],CCCCN1C=C[N+](=C1)C.F[P-](F)(F)(F)(F)F,[BMIM],[PF6],333.2,3.36
[BMIM][PF6],CCCCN1C=C[N+](=C1)C.F[P-](F)(F)(F)(F)F,[BMIM],[PF6],353.2,6.44
